x,y,z,label
-0.15966796875,0.108642578125,1.08447265625,0.0
0.072021484375,0.001708984375,1.116943359375,0.0
-0.201904296875,0.244873046875,1.576904296875,0.0
0.05859375,1.15234375,-0.27783203125,1.0
0.03515625,0.01025390625,1.02490234375,0.0
-0.076171875,-0.00244140625,1.03662109375,0.0
0.049072265625,0.9609375,-0.3193359375,1.0
0.920166015625,-0.429443359375,1.06396484375,1.0
0.1318359375,0.859130859375,-0.490478515625,1.0
0.058349609375,-0.000732421875,1.0166015625,0.0
0.312744140625,-0.091552734375,-0.9130859375,1.0
-0.00634765625,0.75244140625,-0.5634765625,1.0
0.665283203125,0.08642578125,0.786865234375,1.0
0.049560546875,1.02978515625,0.29638671875,1.0
0.719482421875,-0.5654296875,0.247802734375,1.0
0.648193359375,0.003173828125,0.2900390625,1.0
-0.0830078125,0.010986328125,0.983154296875,0.0
-0.20947265625,-0.6064453125,0.820068359375,1.0
-0.1865234375,0.114013671875,1.026611328125,1.0
0.0390625,-0.026611328125,1.080322265625,0.0
-0.0830078125,-0.033203125,0.957275390625,0.0
-0.110595703125,-0.038330078125,1.1220703125,0.0
0.060791015625,-0.106201171875,0.600341796875,0.0
-0.256103515625,0.259765625,1.25,1.0
0.15234375,0.055419921875,0.8544921875,0.0
-0.077392578125,0.625732421875,0.077880859375,1.0
0.499755859375,-0.4228515625,-0.9091796875,1.0
0.02734375,-0.4111328125,0.90966796875,1.0
-0.071044921875,0.182861328125,1.1220703125,1.0
0.14306640625,0.088623046875,0.980224609375,0.0
0.127685546875,-0.5927734375,0.601318359375,1.0
0.078857421875,0.03515625,1.0400390625,0.0
0.039794921875,0.028076171875,1.07568359375,0.0
0.4375,-0.174072265625,0.8896484375,1.0
0.326171875,0.10302734375,-0.93115234375,1.0
0.1171875,-0.03857421875,1.027099609375,1.0
0.388671875,0.133056640625,1.329833984375,0.0
0.001708984375,0.017822265625,1.04248046875,0.0
0.17333984375,0.024658203125,1.025634765625,0.0
0.067626953125,-0.02685546875,1.010498046875,0.0
0.171630859375,-0.0048828125,0.933349609375,0.0
0.101806640625,-0.034912109375,0.881103515625,1.0
0.65771484375,-0.291015625,0.599609375,1.0
0.0595703125,0.31494140625,0.944580078125,1.0
0.8466796875,-0.46044921875,-0.766845703125,1.0
-0.140625,-0.595458984375,0.607421875,1.0
0.60595703125,-0.135009765625,-0.94287109375,1.0
0.2158203125,-0.529541015625,-0.88623046875,1.0
0.1982421875,0.971435546875,1.168701171875,1.0
0.0595703125,-0.00146484375,1.029541015625,1.0
0.235595703125,0.84716796875,0.833740234375,1.0
0.055908203125,-0.00048828125,1.021484375,0.0
0.0654296875,0.9150390625,0.662109375,1.0
0.635498046875,-0.513916015625,0.651123046875,1.0
0.67041015625,-0.083740234375,0.6318359375,1.0
0.01123046875,0.02294921875,0.994140625,0.0
1.293212890625,-0.1005859375,0.113525390625,1.0
0.54296875,-0.174560546875,0.80517578125,1.0
-0.24755859375,0.47998046875,1.468505859375,1.0
0.0537109375,-0.004150390625,1.01318359375,1.0
0.007080078125,-0.148681640625,0.69189453125,0.0
0.16943359375,-0.4873046875,0.483154296875,1.0
0.74560546875,0.1220703125,0.12158203125,1.0
0.81298828125,-0.176513671875,0.587158203125,1.0
-0.06005859375,0.014892578125,1.002197265625,0.0
0.026123046875,0.929931640625,-0.430908203125,1.0
0.10498046875,-0.079833984375,0.726806640625,1.0
0.790283203125,-0.437255859375,0.16015625,1.0
0.372802734375,0.083984375,-0.68408203125,1.0
-0.15478515625,-0.62744140625,0.970458984375,1.0
0.167724609375,0.008544921875,0.931884765625,0.0
1.08447265625,-0.35888671875,0.091796875,1.0
0.787841796875,0.276611328125,0.232421875,1.0
0.775634765625,-0.043701171875,-0.87548828125,1.0
0.325439453125,1.204345703125,0.4052734375,1.0
0.1923828125,-0.157470703125,1.452880859375,1.0
0.5986328125,-0.097900390625,0.6142578125,1.0
-0.032958984375,-0.0166015625,1.005126953125,0.0
0.88427734375,-0.162841796875,0.38671875,1.0
0.523681640625,-0.11083984375,0.53271484375,1.0
0.87744140625,-0.490234375,-0.30419921875,1.0
0.57666015625,-0.1767578125,0.523681640625,1.0
0.059814453125,-0.0146484375,1.017578125,0.0
0.0595703125,-0.0029296875,1.020751953125,0.0
0.917236328125,-0.0830078125,-0.1748046875,1.0
0.096923828125,0.284912109375,1.132080078125,1.0
0.009521484375,-0.47802734375,1.043212890625,1.0
0.049072265625,-0.116455078125,0.853515625,0.0
-0.24853515625,-0.099365234375,0.9765625,1.0
-0.112060546875,-0.002685546875,1.84716796875,1.0
0.71728515625,-0.212646484375,0.7646484375,1.0
0.016845703125,0.04736328125,1.04150390625,0.0
-0.01611328125,0.00341796875,1.0,0.0
0.03369140625,0.033935546875,0.7001953125,1.0
-0.03662109375,-0.024658203125,1.023681640625,0.0
-0.044677734375,0.758056640625,-0.49951171875,1.0
0.0595703125,0.0712890625,0.933837890625,1.0
0.66357421875,-0.33203125,0.918701171875,1.0
-0.343017578125,0.712646484375,0.8515625,1.0
-0.03369140625,0.904296875,-0.231201171875,1.0
-0.075927734375,0.512939453125,1.06103515625,1.0
-0.17822265625,0.690185546875,1.044921875,1.0
0.096923828125,0.007080078125,1.03759765625,0.0
0.039306640625,-0.08447265625,1.39794921875,0.0
0.279541015625,-0.816650390625,0.310546875,1.0
0.0556640625,-0.002685546875,1.022705078125,0.0
0.0546875,-0.00048828125,1.019775390625,0.0
0.44970703125,-0.680419921875,0.426025390625,1.0
-0.04638671875,-0.00390625,0.998046875,0.0
0.020263671875,-0.0380859375,0.7734375,0.0
-0.099853515625,0.013671875,0.7958984375,0.0
0.0537109375,-0.00634765625,1.01806640625,0.0
0.00830078125,0.056884765625,1.060546875,0.0
1.14013671875,-0.412109375,-0.059326171875,1.0
1.105224609375,-0.63671875,0.356689453125,1.0
0.27197265625,0.031494140625,0.90576171875,0.0
-0.119873046875,-0.040771484375,1.114501953125,0.0
0.052734375,-0.000244140625,1.020263671875,0.0
0.3857421875,-0.23828125,0.84912109375,1.0
0.31201171875,0.964111328125,0.8125,1.0
0.026123046875,0.315673828125,0.9677734375,1.0
0.05322265625,-0.00146484375,1.029052734375,1.0
0.4560546875,-0.2177734375,1.003173828125,1.0
0.052001953125,0.072509765625,1.042724609375,0.0
0.038818359375,0.00390625,1.0205078125,0.0
-0.220703125,-0.404052734375,0.7822265625,1.0
0.169921875,-0.020263671875,0.875244140625,0.0
0.3212890625,0.28271484375,-0.802490234375,1.0
0.013671875,-0.162841796875,0.983642578125,1.0
0.217529296875,-0.08154296875,1.431640625,0.0
0.9306640625,-0.250244140625,-0.061279296875,1.0
0.279296875,1.156494140625,0.982177734375,1.0
0.366455078125,0.780517578125,-0.0537109375,1.0
0.16064453125,-0.042236328125,0.7763671875,0.0
0.201416015625,-0.9541015625,0.294921875,1.0
0.477783203125,0.001220703125,-0.854248046875,1.0
0.111083984375,-0.0263671875,0.98583984375,1.0
0.5380859375,-0.20703125,-0.615966796875,1.0
0.9072265625,-0.33642578125,-1.192138671875,1.0
0.827392578125,-0.41650390625,0.351806640625,1.0
0.032470703125,0.106689453125,0.99169921875,1.0
0.101806640625,-0.0078125,0.99853515625,0.0
0.590576171875,0.002197265625,0.942138671875,1.0
0.0068359375,-0.0732421875,0.9697265625,0.0
-0.09326171875,0.369873046875,0.946044921875,1.0
0.12255859375,1.16015625,0.235595703125,1.0
0.031494140625,-0.12939453125,1.02001953125,1.0
0.68115234375,0.6328125,-0.454833984375,1.0
-0.207763671875,0.67236328125,-0.702392578125,1.0
0.755615234375,-0.69677734375,-0.10400390625,1.0
0.414306640625,-0.155029296875,0.877685546875,1.0
0.050048828125,-0.014892578125,0.79345703125,0.0
0.2470703125,1.052978515625,0.73388671875,1.0
0.2841796875,-0.24658203125,0.656494140625,1.0
0.064453125,-0.010986328125,1.011962890625,0.0
1.5087890625,-0.061279296875,-0.0458984375,1.0
-0.181884765625,-0.21044921875,0.98193359375,1.0
0.66357421875,-0.04931640625,1.16162109375,1.0
0.17822265625,0.17431640625,1.1611328125,1.0
0.245361328125,-0.828369140625,0.334228515625,1.0
0.303466796875,0.96826171875,0.239501953125,1.0
0.0576171875,-0.4453125,0.544921875,1.0
0.762451171875,-0.166259765625,0.97314453125,1.0
-0.42724609375,-0.202880859375,0.9599609375,1.0
0.18798828125,-0.499267578125,0.89990234375,1.0
0.48388671875,-0.09912109375,-0.033935546875,1.0
0.671630859375,0.086669921875,0.771728515625,1.0
0.072509765625,-0.0078125,1.021484375,0.0
0.099365234375,-0.01171875,1.017578125,0.0
0.161376953125,0.878173828125,-0.2666015625,1.0
0.528076171875,0.141845703125,0.776611328125,1.0
0.030029296875,-0.073974609375,1.0244140625,0.0
0.043701171875,0.016845703125,1.064208984375,0.0
0.3154296875,-0.157470703125,0.7978515625,1.0
0.314697265625,-0.646728515625,0.40673828125,1.0
0.514892578125,0.945068359375,0.359130859375,1.0
0.0498046875,-0.200927734375,0.812744140625,0.0
0.01318359375,0.07666015625,0.93310546875,1.0
0.98046875,0.00537109375,-0.05078125,1.0
1.003662109375,-0.22802734375,0.2548828125,1.0
0.032470703125,-0.05859375,0.87158203125,1.0
-0.61181640625,0.05322265625,1.067626953125,1.0
0.76318359375,-0.126708984375,0.7841796875,1.0
0.753662109375,0.097900390625,-0.721435546875,1.0
0.21044921875,-0.2861328125,0.5654296875,1.0
-0.589599609375,-0.40625,1.43896484375,1.0
0.115478515625,1.179443359375,0.083740234375,1.0
0.0546875,0.030029296875,1.040283203125,0.0
0.3759765625,-0.009765625,-0.9638671875,1.0
0.23095703125,0.391845703125,0.650634765625,1.0
0.781494140625,0.109619140625,0.037841796875,1.0
0.846435546875,-0.549560546875,1.09619140625,1.0
0.284912109375,-0.1181640625,-1.10986328125,1.0
-0.229736328125,0.07568359375,0.818359375,0.0
-0.1455078125,0.052978515625,0.93408203125,1.0
-0.11181640625,-0.825927734375,0.716796875,1.0
0.79345703125,0.121337890625,-0.130615234375,1.0
0.906494140625,-0.05078125,0.35009765625,1.0
0.2109375,-0.071533203125,1.111572265625,0.0
-0.3046875,0.178955078125,0.895263671875,1.0
0.7255859375,-0.074951171875,0.352294921875,1.0
0.1787109375,0.058837890625,0.937744140625,0.0
0.022216796875,-0.027587890625,0.955322265625,0.0
0.5439453125,-0.5439453125,0.420166015625,1.0
0.1904296875,-0.01806640625,0.787841796875,0.0
-0.072998046875,-0.108154296875,0.9140625,0.0
0.061279296875,0.00244140625,1.013916015625,1.0
0.748291015625,-0.50537109375,0.580322265625,1.0
0.005126953125,0.009521484375,1.011474609375,0.0
0.63671875,0.324462890625,0.6279296875,0.0
0.06298828125,0.000244140625,1.015625,1.0
0.790771484375,0.086669921875,-0.677978515625,1.0
-1.040771484375,-0.11572265625,0.07470703125,1.0
0.098876953125,-0.0205078125,1.029296875,0.0
0.670166015625,0.040283203125,0.801513671875,1.0
0.08642578125,0.963134765625,-0.2333984375,1.0
-0.631103515625,-0.635498046875,0.783935546875,1.0
-0.04833984375,0.833740234375,-0.57958984375,1.0
0.143310546875,1.008056640625,0.79052734375,1.0
0.65673828125,0.064208984375,0.78662109375,1.0
0.106689453125,-0.027587890625,0.731201171875,0.0
0.556884765625,0.03369140625,0.652099609375,1.0
0.01806640625,0.037353515625,0.9287109375,0.0
0.029296875,-0.2451171875,0.50537109375,0.0
0.2177734375,0.0126953125,0.919921875,0.0
0.9951171875,-0.001708984375,0.252685546875,1.0
0.0791015625,-0.0400390625,1.05859375,0.0
-0.02587890625,-0.00732421875,1.108642578125,0.0
-0.095458984375,-0.019287109375,0.9951171875,0.0
-0.067626953125,0.004150390625,1.00439453125,0.0
0.151123046875,-0.84326171875,0.26708984375,1.0
0.10546875,0.001708984375,1.0341796875,0.0
0.365966796875,-0.6689453125,0.4814453125,1.0
0.057861328125,-0.00048828125,1.021728515625,0.0
0.399658203125,-0.4248046875,0.3583984375,1.0
0.150146484375,-0.02001953125,1.0693359375,0.0
0.1474609375,0.34228515625,0.890625,1.0
-0.06005859375,0.012451171875,0.98388671875,0.0
0.02294921875,0.015380859375,1.034423828125,0.0
0.018310546875,-0.53076171875,0.833740234375,1.0
1.17578125,-0.556396484375,0.194091796875,1.0
-0.078125,-0.077880859375,0.984375,0.0
-0.073486328125,0.02392578125,1.050048828125,0.0
-0.221435546875,-0.00927734375,0.824462890625,0.0
0.516845703125,-0.318603515625,0.377197265625,1.0
0.125732421875,-0.19482421875,0.6435546875,1.0
-0.095703125,0.8154296875,-0.353271484375,1.0
0.05810546875,-0.014892578125,1.01416015625,0.0
0.615234375,-0.123779296875,0.260498046875,1.0
0.011962890625,-0.701171875,0.439208984375,1.0
0.097900390625,0.9130859375,-0.5146484375,1.0
0.666748046875,0.085205078125,0.787109375,1.0
0.149169921875,0.7001953125,-0.196533203125,1.0
0.5380859375,-0.251953125,0.833251953125,1.0
-0.042724609375,-0.03857421875,0.936767578125,0.0
0.736572265625,-0.28662109375,-0.522216796875,1.0
-0.301513671875,-0.36767578125,1.041259765625,1.0
0.41552734375,0.652587890625,1.60693359375,0.0
0.660888671875,-0.071533203125,-0.455078125,1.0
0.081298828125,-0.490234375,0.662109375,1.0
-0.37841796875,0.135986328125,1.38037109375,1.0
0.33935546875,-0.55224609375,0.492919921875,1.0
0.091796875,-0.604736328125,0.662841796875,1.0
0.640380859375,-0.157958984375,0.818359375,1.0
0.200439453125,0.18603515625,0.86328125,1.0
0.2783203125,1.184326171875,-0.169677734375,1.0
0.218017578125,0.0654296875,0.769775390625,1.0
0.592529296875,-0.23388671875,0.84765625,1.0
0.6826171875,0.065673828125,-0.149658203125,1.0
0.07568359375,-0.044921875,0.980712890625,0.0
0.920654296875,-0.563232421875,1.07568359375,1.0
0.275146484375,0.344482421875,1.189697265625,0.0
-0.099609375,-0.018310546875,0.988037109375,0.0
-0.03271484375,0.006591796875,1.0166015625,0.0
-0.096923828125,0.048583984375,0.90478515625,0.0
0.05419921875,-0.00244140625,1.013671875,0.0
0.19140625,-0.030517578125,0.717041015625,0.0
0.0712890625,0.044677734375,1.0673828125,0.0
0.695556640625,-0.39990234375,-0.269287109375,1.0
0.174560546875,-0.22705078125,0.59912109375,1.0
0.8896484375,-0.116455078125,-1.040771484375,1.0
0.867919921875,-0.501953125,-0.4677734375,1.0
0.947998046875,-0.229736328125,0.431640625,1.0
0.083740234375,-0.0205078125,1.112548828125,0.0
0.572998046875,0.1640625,-1.009033203125,1.0
0.219970703125,-0.712158203125,0.72705078125,1.0
0.0595703125,0.088623046875,1.128173828125,0.0
0.570068359375,-0.598388671875,0.280517578125,1.0
0.690185546875,0.138427734375,1.513671875,1.0
0.731201171875,-0.10400390625,-0.97705078125,1.0
0.00927734375,0.041015625,1.1298828125,0.0
0.053466796875,-0.010498046875,1.03076171875,0.0
0.129638671875,-0.704345703125,0.7568359375,1.0
-0.328125,0.21826171875,1.047119140625,1.0
0.1865234375,-0.585205078125,0.78662109375,1.0
0.217041015625,0.018798828125,0.91845703125,1.0
-0.098388671875,-0.110107421875,0.765380859375,0.0
0.612548828125,-0.17236328125,0.52783203125,1.0
-0.11376953125,-0.018798828125,0.94140625,0.0
0.199462890625,-0.69970703125,0.442626953125,1.0
0.640625,-0.68115234375,0.189697265625,1.0
0.0517578125,-0.000244140625,1.018310546875,0.0
0.3154296875,-0.157470703125,0.7978515625,1.0
-0.04296875,0.289306640625,1.05517578125,1.0
0.2333984375,0.407958984375,0.859130859375,1.0
0.560302734375,-0.315185546875,0.45654296875,1.0
0.040283203125,0.03857421875,1.07568359375,0.0
0.14208984375,0.93505859375,0.617431640625,1.0
0.635986328125,-0.292724609375,0.843994140625,1.0
0.041259765625,-0.02197265625,0.9267578125,0.0
1.03369140625,-0.383544921875,0.592529296875,1.0
0.1865234375,0.026611328125,0.629638671875,1.0
0.08056640625,0.05859375,0.690673828125,1.0
0.680908203125,-0.05615234375,0.2587890625,1.0
-0.00927734375,0.954833984375,-0.520263671875,1.0
0.45458984375,1.17529296875,0.690673828125,1.0
0.060302734375,-0.00244140625,1.025146484375,0.0
1.019287109375,-0.497802734375,-0.37841796875,1.0
0.016357421875,-0.063720703125,1.022705078125,0.0
0.09228515625,0.004638671875,1.015869140625,0.0
-0.4697265625,-0.10546875,1.365966796875,1.0
0.04150390625,-0.029052734375,1.09765625,0.0
0.579833984375,0.147216796875,0.84423828125,1.0
0.722900390625,-0.13037109375,-0.2587890625,1.0
0.26806640625,1.123291015625,-0.240234375,1.0
0.08251953125,-0.0673828125,1.0595703125,0.0
0.052978515625,0.02099609375,1.03173828125,0.0
0.265380859375,-0.096923828125,-1.193359375,1.0
0.139404296875,0.135498046875,1.532958984375,0.0
0.154296875,0.034912109375,1.284912109375,0.0
0.0703125,0.05810546875,1.21240234375,0.0
0.26611328125,0.35107421875,1.0791015625,1.0
0.13037109375,0.02001953125,1.63720703125,1.0
0.056640625,0.000732421875,1.017333984375,0.0
0.379150390625,0.023681640625,0.867919921875,0.0
-0.0166015625,-0.272216796875,0.36376953125,0.0
-0.36669921875,-0.212890625,1.47900390625,1.0
0.494384765625,0.02001953125,0.529296875,1.0
0.640380859375,0.017333984375,-0.8115234375,1.0
-0.068359375,0.00732421875,1.084716796875,0.0
0.007080078125,-0.38818359375,0.946044921875,1.0
0.013916015625,-0.016357421875,0.865966796875,0.0
0.67529296875,0.07470703125,0.7802734375,1.0
0.148193359375,0.004638671875,1.062744140625,0.0
0.47900390625,-0.15234375,0.9326171875,1.0
-0.444091796875,-0.349365234375,1.180908203125,1.0
0.218505859375,0.652099609375,1.29833984375,1.0
0.306396484375,0.092529296875,0.696533203125,1.0
0.466796875,-0.387939453125,0.755126953125,1.0
0.139404296875,0.927490234375,0.10693359375,1.0
0.00830078125,0.843505859375,0.648681640625,1.0
-0.1748046875,-0.12158203125,1.072998046875,0.0
-0.051025390625,0.02099609375,1.01513671875,0.0
-0.0205078125,0.087646484375,0.9375,0.0
0.212646484375,1.052734375,0.421875,1.0
0.028564453125,0.021728515625,1.043701171875,0.0
0.056396484375,0.000244140625,1.016357421875,0.0
0.026123046875,-0.038818359375,1.511962890625,0.0
0.37060546875,1.11328125,-0.044189453125,1.0
0.04931640625,-0.002197265625,1.01806640625,0.0
0.919677734375,-0.36279296875,0.501220703125,1.0
-0.082763671875,-0.00048828125,1.02294921875,0.0
0.1611328125,-0.246826171875,0.832275390625,1.0
0.336669921875,-0.0634765625,-1.11083984375,1.0
0.095458984375,0.825927734375,0.8125,1.0
0.672119140625,-0.0166015625,-0.86669921875,1.0
-0.20458984375,-0.2060546875,1.106689453125,1.0
0.060546875,-0.001708984375,1.011474609375,0.0
-0.0400390625,-0.05859375,0.910400390625,0.0
0.0478515625,0.0498046875,0.998779296875,0.0
0.5595703125,-0.02490234375,1.1103515625,1.0
0.81201171875,0.1533203125,-0.32958984375,1.0
0.559814453125,0.375,1.139404296875,1.0
0.0498046875,-0.013916015625,0.98828125,0.0
0.17138671875,-0.036376953125,1.339599609375,0.0
0.04443359375,0.058349609375,1.40380859375,1.0
0.245361328125,0.695556640625,1.06787109375,1.0
0.0517578125,0.013916015625,1.01220703125,0.0
0.300537109375,-0.28955078125,0.86474609375,1.0
0.302001953125,0.012451171875,0.376220703125,1.0
0.117431640625,0.146240234375,1.0625,0.0
0.029541015625,0.019287109375,1.0322265625,0.0
-0.045166015625,-0.02685546875,0.97998046875,0.0
0.047607421875,0.041259765625,1.001708984375,0.0
0.3369140625,0.156005859375,1.073974609375,1.0
-0.05078125,-0.01708984375,0.957275390625,0.0
-0.075439453125,0.02978515625,0.291748046875,0.0
0.078369140625,0.04638671875,1.114990234375,0.0
0.1396484375,-0.064453125,0.893310546875,0.0
-0.086181640625,0.048095703125,0.996337890625,0.0
0.65673828125,0.03271484375,0.7998046875,1.0
0.199951171875,1.002197265625,0.00244140625,1.0
-0.036865234375,-0.078125,0.853515625,0.0
-0.203125,-0.17431640625,0.7607421875,0.0
-0.201171875,-0.17626953125,1.051513671875,1.0
0.1142578125,0.00439453125,1.032958984375,0.0
0.123046875,-0.00634765625,1.022705078125,0.0
0.142333984375,-0.001953125,1.011474609375,0.0
0.06640625,-0.02783203125,1.014892578125,0.0
0.160400390625,-0.01806640625,1.02197265625,0.0
0.05517578125,-0.00244140625,1.0185546875,1.0
0.2587890625,-0.737548828125,0.416259765625,1.0
0.192626953125,0.521728515625,1.089599609375,1.0
0.109619140625,0.081298828125,1.012939453125,0.0
0.0595703125,-0.001953125,1.012451171875,0.0
0.0185546875,-0.0478515625,0.76318359375,0.0
0.056396484375,-0.00390625,1.015380859375,0.0
0.56591796875,0.174560546875,0.728515625,1.0
0.068603515625,0.05224609375,1.419189453125,0.0
-0.08984375,0.03173828125,1.17578125,0.0
0.270751953125,-0.841552734375,0.294677734375,1.0
0.0244140625,-0.067138671875,1.0888671875,1.0
0.065185546875,-0.02490234375,1.010498046875,0.0
0.286865234375,0.02392578125,0.541748046875,1.0
-0.215087890625,0.021240234375,0.930419921875,0.0
0.203369140625,0.10107421875,0.998291015625,0.0
0.220458984375,-0.109130859375,0.8095703125,0.0
-0.188232421875,0.34765625,1.000244140625,1.0
0.389404296875,1.112060546875,0.814208984375,1.0
0.139404296875,-0.014404296875,1.0107421875,0.0
0.646240234375,0.027587890625,0.79248046875,1.0
0.43359375,-0.4833984375,0.37158203125,1.0
0.17578125,-0.016845703125,0.892333984375,0.0
-0.150146484375,-0.061279296875,0.788818359375,0.0
0.208251953125,-0.07861328125,1.05078125,1.0
1.359375,0.002197265625,-0.167236328125,1.0
-0.209228515625,0.4287109375,1.003173828125,1.0
-0.229248046875,0.117919921875,0.7001953125,0.0
-0.060791015625,0.020751953125,1.01806640625,0.0
1.144775390625,0.0205078125,-0.057373046875,1.0
0.1103515625,-0.0126953125,1.101318359375,0.0
0.1181640625,-0.064453125,0.45556640625,0.0
0.08154296875,0.00439453125,1.0478515625,0.0
0.041748046875,0.003173828125,1.03759765625,0.0
-0.045166015625,0.087646484375,1.116943359375,0.0
-0.00927734375,0.030029296875,1.029541015625,0.0
0.103515625,0.03955078125,1.02978515625,0.0
0.038818359375,0.02294921875,1.168701171875,0.0
0.06640625,-0.003173828125,1.0224609375,0.0
-0.638671875,-0.1513671875,1.10302734375,1.0
0.6669921875,0.08642578125,-0.528076171875,1.0
0.09033203125,0.012451171875,1.00146484375,0.0
0.042236328125,0.83154296875,0.24365234375,1.0
0.09716796875,-0.023193359375,1.220947265625,0.0
0.554443359375,-0.20947265625,0.40478515625,1.0
0.140380859375,-0.69873046875,0.951171875,1.0
-0.514892578125,0.028564453125,0.97021484375,1.0
0.052734375,-0.070068359375,1.185791015625,0.0
0.58935546875,0.307861328125,0.998779296875,1.0
0.12939453125,0.333984375,1.134033203125,1.0
0.077392578125,-0.136474609375,0.6162109375,0.0
0.040283203125,0.00537109375,1.040283203125,0.0
0.056640625,-0.009765625,1.021240234375,0.0
-0.029052734375,0.08349609375,0.947509765625,0.0
0.265869140625,-0.030029296875,0.029296875,1.0
0.660400390625,0.0546875,-0.0146484375,1.0
-0.283447265625,0.00830078125,1.41259765625,0.0
-0.357421875,-0.161376953125,0.932861328125,1.0
0.81494140625,-0.22802734375,0.65673828125,1.0
0.055419921875,-0.00146484375,1.017822265625,1.0
-0.01171875,0.004150390625,1.1435546875,0.0
-0.13037109375,-0.033447265625,0.982177734375,0.0
0.649658203125,0.027587890625,0.8095703125,1.0
-0.023681640625,-0.0244140625,1.10595703125,0.0
0.05419921875,-0.003662109375,1.0146484375,1.0
0.12890625,-0.0478515625,0.9560546875,0.0
0.897216796875,0.09814453125,-0.12841796875,1.0
1.015380859375,-0.431884765625,-0.384521484375,1.0
-0.250732421875,-0.671142578125,1.042236328125,1.0
0.14208984375,-0.072265625,0.66650390625,0.0
-0.021728515625,-0.602783203125,0.33984375,1.0
0.178466796875,0.011962890625,1.208251953125,0.0
0.6796875,0.471435546875,0.389892578125,1.0
0.57275390625,-0.40087890625,0.577880859375,1.0
-0.052978515625,0.229736328125,1.165283203125,1.0
0.365478515625,-0.803466796875,0.530029296875,1.0
0.1494140625,-0.088134765625,1.09619140625,0.0
-0.148681640625,-0.0771484375,0.390869140625,0.0
0.05712890625,0.125,0.93017578125,0.0
0.509521484375,1.07958984375,-0.085205078125,1.0
-0.226806640625,0.71484375,-0.594970703125,1.0
0.007080078125,-0.0048828125,1.0078125,0.0
-0.35107421875,0.042724609375,0.906494140625,1.0
0.361328125,-0.066650390625,1.0908203125,1.0
0.341064453125,-1.01171875,0.20263671875,1.0
0.506591796875,-0.548828125,0.5869140625,1.0
0.759033203125,-0.25830078125,0.3896484375,1.0
0.22265625,0.26953125,1.74658203125,0.0
0.111083984375,0.020751953125,1.201171875,0.0
0.552978515625,0.343017578125,0.6357421875,1.0
0.037353515625,-0.061767578125,1.0078125,0.0
0.007080078125,0.006591796875,1.022216796875,0.0
0.2158203125,0.359130859375,1.05078125,1.0
0.28955078125,-0.428955078125,0.970703125,1.0
0.0888671875,0.002685546875,1.013916015625,0.0
0.056640625,-0.015380859375,1.01708984375,1.0
0.06591796875,-0.146728515625,0.78564453125,1.0
-0.240966796875,0.003662109375,0.402587890625,0.0
-0.353759765625,0.669189453125,0.466552734375,1.0
0.13623046875,-0.93310546875,0.21875,1.0
-0.023681640625,0.891845703125,0.578125,1.0
0.75048828125,-0.577392578125,0.066162109375,1.0
-0.297607421875,0.50537109375,1.4677734375,1.0
0.029541015625,-0.010498046875,1.0146484375,0.0
-0.0361328125,0.113037109375,1.18505859375,0.0
0.057373046875,-0.00146484375,1.015380859375,0.0
0.7451171875,0.0009765625,-0.6884765625,1.0
0.07421875,0.96923828125,0.53857421875,1.0
-0.52392578125,-0.0205078125,0.909423828125,1.0
0.02294921875,1.06982421875,-0.1484375,1.0
-0.06005859375,-0.107421875,0.767578125,0.0
0.295654296875,-0.820556640625,0.34326171875,1.0
0.038330078125,0.972900390625,0.182373046875,1.0
0.023193359375,-0.01123046875,1.017578125,0.0
-0.072265625,-0.003662109375,1.06640625,0.0
0.45263671875,-0.728271484375,0.8515625,1.0
0.121826171875,0.097412109375,1.03515625,0.0
0.36328125,0.004150390625,0.8251953125,0.0
0.140380859375,0.001220703125,0.82666015625,1.0
0.934326171875,-0.467529296875,0.284423828125,1.0
0.19287109375,-0.487060546875,0.804931640625,1.0
0.30712890625,0.06591796875,0.642578125,0.0
0.87744140625,-0.099853515625,0.20849609375,1.0
0.98583984375,-0.30810546875,0.363525390625,1.0
-0.154296875,-0.335693359375,1.011474609375,1.0
0.02392578125,0.08447265625,1.059326171875,0.0
0.222412109375,0.070068359375,1.218505859375,0.0
0.5927734375,0.06298828125,-0.78564453125,1.0
0.30712890625,-0.33935546875,-0.952392578125,1.0
-0.284423828125,0.208251953125,1.033447265625,1.0
0.05810546875,-0.021240234375,1.126220703125,0.0
-0.56298828125,0.155029296875,0.535400390625,0.0
-0.014404296875,-0.03662109375,1.044189453125,0.0
0.961669921875,-0.322998046875,0.289306640625,1.0
0.118896484375,0.027587890625,0.926025390625,0.0
0.037109375,0.144775390625,0.908203125,1.0
0.0927734375,-0.00390625,1.014892578125,0.0
0.478271484375,-0.316650390625,0.384521484375,1.0
0.029541015625,-0.333740234375,0.8515625,1.0
-0.021484375,-0.002685546875,1.1689453125,0.0
1.145263671875,-0.37939453125,0.446044921875,1.0
-0.02783203125,0.037109375,1.111083984375,0.0
0.64111328125,-0.038330078125,0.504638671875,1.0
0.307373046875,-0.6591796875,0.357666015625,1.0
0.1103515625,0.12109375,0.9853515625,1.0
-0.195068359375,0.786865234375,-0.643798828125,1.0
0.385986328125,0.82666015625,1.23974609375,1.0
-0.151123046875,-0.065673828125,0.923583984375,0.0
-0.404052734375,-0.08642578125,1.29296875,1.0
0.128173828125,0.015625,0.416259765625,0.0
0.2626953125,-0.3935546875,0.685546875,1.0
0.0546875,-0.0029296875,1.021240234375,0.0
-0.40625,-0.155029296875,0.978515625,1.0
0.52734375,-0.023193359375,-0.711669921875,1.0
0.050537109375,-0.23046875,0.9443359375,1.0
0.9306640625,-0.24365234375,-0.161865234375,1.0
0.683349609375,0.047119140625,0.768310546875,1.0
0.261962890625,-0.099365234375,1.329345703125,0.0
-0.060546875,0.62451171875,0.78125,1.0
0.2197265625,-0.55419921875,0.70263671875,1.0
0.231201171875,0.8017578125,0.3701171875,1.0
0.05419921875,-0.002685546875,1.0224609375,1.0
0.2880859375,-0.1767578125,0.75390625,1.0
-0.296630859375,-0.397216796875,0.9619140625,0.0
-0.024169921875,0.813720703125,0.756103515625,1.0
0.246826171875,0.02783203125,0.852294921875,0.0
0.1455078125,-0.1728515625,0.86328125,1.0
-0.04248046875,0.00146484375,1.001220703125,0.0
-0.609130859375,-0.074462890625,0.89453125,1.0
0.31689453125,-0.5078125,0.76513671875,1.0
0.0771484375,0.927978515625,-0.267333984375,1.0
1.205322265625,0.06298828125,-0.584716796875,1.0
0.47998046875,-1.00341796875,-0.151123046875,1.0
0.05615234375,-0.00048828125,1.018310546875,1.0
-0.105224609375,-0.023681640625,1.081787109375,0.0
0.814697265625,-0.53955078125,0.67724609375,1.0
-0.050537109375,-0.052490234375,0.827880859375,0.0
-0.390380859375,-0.0087890625,1.123046875,1.0
0.635986328125,-0.430908203125,-0.486572265625,1.0
1.014892578125,-0.05517578125,-0.41943359375,1.0
0.056640625,-0.002197265625,1.019775390625,0.0
0.196533203125,-0.329345703125,0.855712890625,1.0
-0.082275390625,-0.133544921875,0.891357421875,0.0
-0.068359375,-0.048583984375,0.940673828125,0.0
0.79150390625,-0.001953125,-0.625,1.0
0.05419921875,-0.010009765625,1.021484375,0.0
0.02490234375,-0.275390625,0.556884765625,1.0
-0.021484375,-0.254638671875,0.998291015625,1.0
-0.38525390625,0.354248046875,0.787841796875,1.0
0.506103515625,-0.023193359375,0.5849609375,1.0
-0.203857421875,-0.16796875,0.9873046875,1.0
0.65869140625,0.03466796875,0.773681640625,1.0
0.7294921875,-0.616455078125,0.846435546875,1.0
0.645751953125,0.197021484375,0.322021484375,1.0
0.078125,0.570068359375,0.74560546875,1.0
0.13916015625,-0.04345703125,1.024169921875,0.0
0.09228515625,-0.040771484375,1.21240234375,0.0
0.349609375,-0.130859375,1.033935546875,1.0
0.871826171875,0.227294921875,-0.449462890625,1.0
-0.457275390625,-0.155517578125,0.785400390625,1.0
0.04541015625,-0.00244140625,1.02099609375,0.0
0.578125,-0.196044921875,0.652587890625,1.0
0.188232421875,-0.014892578125,0.959716796875,0.0
0.1171875,-0.394775390625,1.00341796875,1.0
0.658447265625,-0.298828125,0.388916015625,1.0
0.77099609375,-0.134033203125,-0.4169921875,1.0
0.3505859375,-0.158935546875,0.549072265625,1.0
0.05078125,-0.00341796875,1.016845703125,1.0
0.500732421875,-0.360107421875,-0.4345703125,1.0
-0.02001953125,-0.023681640625,0.778564453125,0.0
0.2041015625,-1.079345703125,-0.142822265625,1.0
-0.014892578125,1.14599609375,0.811767578125,1.0
0.123779296875,-0.29248046875,0.8544921875,1.0
0.00048828125,0.031494140625,1.009765625,0.0
0.324951171875,-0.3701171875,0.3134765625,1.0
-0.4912109375,0.109619140625,0.720703125,1.0
0.21875,-0.828125,0.32666015625,1.0
0.13134765625,-0.010498046875,1.11474609375,0.0
-0.044921875,0.676025390625,-0.76708984375,1.0
-0.057861328125,0.0068359375,0.9912109375,0.0
1.59375,-0.128173828125,0.26220703125,1.0
0.061279296875,-0.003173828125,1.026611328125,0.0
0.11865234375,-0.002197265625,0.963623046875,0.0
0.14697265625,-0.570556640625,0.698974609375,1.0
0.7880859375,-0.173583984375,0.1767578125,1.0
0.33740234375,0.16552734375,1.09716796875,1.0
0.107177734375,0.01513671875,0.923095703125,0.0
0.870849609375,-0.126953125,-0.500244140625,1.0
0.08740234375,0.001953125,1.0244140625,0.0
0.09130859375,-0.02783203125,1.230712890625,0.0
0.018798828125,0.015625,1.021484375,0.0
0.714111328125,-0.3798828125,-0.751708984375,1.0
0.686767578125,-0.011474609375,0.5341796875,1.0
0.22900390625,0.00439453125,0.94140625,0.0
-0.03662109375,-0.658935546875,1.177001953125,1.0
1.23486328125,-0.52294921875,0.385986328125,1.0
0.849853515625,-0.47021484375,1.48974609375,1.0
-0.005615234375,-0.0615234375,1.03173828125,0.0
0.13330078125,-0.06640625,1.083984375,0.0
0.001220703125,-0.05322265625,1.33203125,0.0
0.02978515625,0.0263671875,0.96044921875,0.0
0.094970703125,0.244140625,1.221435546875,1.0
0.0791015625,0.037353515625,0.861083984375,0.0
0.235595703125,-0.873291015625,0.610595703125,1.0
-0.043701171875,-0.033447265625,0.9150390625,0.0
-0.20654296875,0.114501953125,0.75146484375,0.0
-0.022216796875,0.02978515625,0.983154296875,0.0
0.051513671875,-0.076416015625,0.9287109375,0.0
0.501708984375,-0.224853515625,0.99365234375,1.0
0.203369140625,0.57568359375,0.816162109375,1.0
0.059814453125,0.00537109375,1.13330078125,0.0
0.829833984375,0.009033203125,-0.540283203125,1.0
0.411376953125,1.1005859375,0.650146484375,1.0
0.03125,0.633056640625,1.0068359375,1.0
0.3408203125,-0.407470703125,0.909912109375,1.0
-0.203125,-0.16015625,1.095458984375,1.0
-0.067138671875,0.4423828125,1.1640625,1.0
1.00537109375,-0.390869140625,-0.259521484375,1.0
-0.240234375,0.020751953125,0.91455078125,1.0
0.034912109375,0.869140625,-0.365478515625,1.0
0.900390625,-0.268310546875,0.163818359375,1.0
-0.141357421875,0.01611328125,0.728759765625,0.0
0.86181640625,-0.231689453125,0.467041015625,1.0
-0.172607421875,0.028564453125,0.51806640625,0.0
0.155029296875,0.669921875,1.091064453125,1.0
-0.05224609375,0.0107421875,1.00341796875,0.0
-0.631103515625,0.006103515625,0.715087890625,1.0
-0.233154296875,-0.079345703125,1.99993896484375,0.0
0.058349609375,0.0029296875,1.020751953125,0.0
0.082275390625,-0.677490234375,0.734130859375,1.0
0.150390625,0.010986328125,1.11181640625,0.0
0.18017578125,0.663818359375,0.965087890625,1.0
0.603759765625,-0.137939453125,0.499755859375,1.0
0.137939453125,-0.697998046875,0.52001953125,1.0
-0.85888671875,-0.1748046875,0.816650390625,1.0
1.282470703125,-0.990966796875,-0.093994140625,1.0
-0.136474609375,-0.028564453125,0.813720703125,0.0
0.521728515625,-0.023681640625,-0.49267578125,1.0
-0.595947265625,-0.272216796875,1.24853515625,1.0
0.80908203125,-0.679443359375,-0.51708984375,1.0
0.106689453125,0.8837890625,0.814453125,1.0
-0.034423828125,0.00634765625,1.02783203125,0.0
0.159912109375,-0.193359375,0.986328125,1.0
0.0380859375,-0.015869140625,0.9619140625,0.0
-0.0537109375,0.938232421875,0.03662109375,1.0
0.0634765625,-0.339111328125,0.78466796875,1.0
-0.000732421875,-0.020263671875,0.790771484375,0.0
0.087890625,-0.02392578125,0.343505859375,0.0
-0.013916015625,-0.03076171875,1.349365234375,0.0
0.79931640625,-0.414794921875,-0.100830078125,1.0
0.108642578125,0.075927734375,1.213623046875,0.0
-0.0400390625,-0.000732421875,0.998291015625,0.0
0.11962890625,-0.012451171875,1.0078125,0.0
-0.297607421875,0.50537109375,1.4677734375,1.0
-0.052978515625,-0.03173828125,0.88720703125,0.0
0.059814453125,-0.0009765625,1.028564453125,0.0
-0.019775390625,-0.01171875,1.110595703125,0.0
0.407958984375,-0.87109375,0.382080078125,1.0
0.37060546875,0.0322265625,1.310791015625,0.0
0.368408203125,0.2900390625,0.59716796875,1.0
0.123291015625,0.490478515625,1.498291015625,1.0
0.448974609375,0.02978515625,0.535400390625,1.0
0.724853515625,-0.739013671875,0.298583984375,1.0
0.228515625,0.015380859375,0.442138671875,0.0
0.0869140625,0.919189453125,0.191650390625,1.0
0.2568359375,0.003662109375,0.912109375,0.0
0.380615234375,-0.04296875,0.526123046875,1.0
0.0078125,-0.036376953125,1.033935546875,0.0
0.47119140625,-0.458984375,0.567626953125,1.0
-0.017578125,-0.050048828125,1.25439453125,0.0
0.8701171875,-0.185791015625,0.376708984375,1.0
0.796875,0.048828125,-0.800537109375,1.0
0.126220703125,0.034423828125,1.4599609375,1.0
0.44482421875,0.08984375,0.520751953125,1.0
0.38720703125,-0.384033203125,0.875244140625,1.0
0.34912109375,0.9716796875,0.41064453125,1.0
-0.14404296875,0.08056640625,0.66796875,0.0
0.037353515625,0.033447265625,1.028076171875,0.0
-0.134765625,-0.052001953125,0.8818359375,0.0
-0.08349609375,-0.11279296875,0.89990234375,0.0
0.1025390625,0.013671875,1.055419921875,0.0
0.05517578125,-0.001220703125,1.016845703125,0.0
0.432373046875,0.5185546875,0.9541015625,1.0
0.014404296875,0.0185546875,1.045654296875,0.0
0.441650390625,-0.068359375,0.564453125,1.0
0.191162109375,0.033203125,1.13671875,0.0
0.053955078125,-0.001953125,1.020263671875,1.0
0.076171875,0.03857421875,1.074951171875,0.0
-0.006103515625,0.011474609375,1.00244140625,0.0
-0.003173828125,-0.04296875,1.023193359375,0.0
0.17822265625,-0.6083984375,0.937255859375,1.0
0.063720703125,-0.027099609375,1.02001953125,0.0
0.689208984375,-0.170654296875,-0.63720703125,1.0
-0.0283203125,0.05712890625,1.149169921875,0.0
0.038330078125,-0.337646484375,0.767578125,1.0
0.080322265625,0.63330078125,1.006103515625,1.0
0.09912109375,-0.08154296875,0.861328125,0.0
-0.16455078125,-0.16650390625,0.6201171875,0.0
0.24658203125,0.001220703125,0.82763671875,1.0
0.047119140625,-0.001220703125,1.02197265625,0.0
0.953125,-0.29248046875,0.1474609375,1.0
0.04052734375,0.065673828125,1.13134765625,0.0
0.039306640625,-0.0283203125,1.062744140625,0.0
-0.027587890625,0.025634765625,1.043701171875,0.0
0.715087890625,-0.34619140625,0.518798828125,1.0
-0.168212890625,0.04052734375,1.0615234375,0.0
-0.068603515625,0.917236328125,0.78515625,1.0
0.223388671875,0.28076171875,0.4140625,1.0
-0.55810546875,0.21826171875,0.329833984375,0.0
0.005615234375,-0.043701171875,0.841064453125,0.0
0.096923828125,-0.042236328125,0.82666015625,0.0
-1.0595703125,0.0986328125,1.99993896484375,1.0
0.83251953125,-0.290771484375,-0.706298828125,1.0
0.364501953125,0.259765625,1.390869140625,0.0
0.950927734375,-0.294921875,0.165771484375,1.0
-0.57763671875,-0.300048828125,0.929443359375,1.0
0.715576171875,0.15966796875,0.684326171875,1.0
0.1943359375,1.007568359375,0.48583984375,1.0
0.088623046875,-0.155029296875,0.796875,0.0
-0.050537109375,0.01025390625,1.014892578125,0.0
0.287109375,-0.853759765625,0.472412109375,1.0
-0.2587890625,-0.114013671875,0.6044921875,0.0
-0.44287109375,-0.36474609375,1.078125,1.0
0.113037109375,-0.06689453125,0.76318359375,0.0
0.141357421875,-0.019287109375,1.02587890625,0.0
0.091064453125,-0.015625,1.042236328125,0.0
0.09619140625,-0.541015625,0.765869140625,1.0
0.718994140625,0.5361328125,-0.4111328125,1.0
0.15185546875,-0.03271484375,0.97900390625,1.0
0.416748046875,-0.300048828125,-0.998046875,1.0
0.403076171875,-0.1904296875,0.6904296875,1.0
0.118408203125,0.02880859375,1.0302734375,0.0
0.111572265625,0.002685546875,0.972900390625,0.0
0.122314453125,-0.025146484375,0.9443359375,0.0
-0.1005859375,0.052978515625,0.97314453125,0.0
0.855224609375,-0.187744140625,0.41552734375,1.0
0.531005859375,0.166259765625,-0.71240234375,1.0
0.0546875,-0.12744140625,0.603271484375,0.0
-0.10546875,-0.091064453125,0.753173828125,0.0
0.2236328125,0.072998046875,0.89794921875,1.0
0.1025390625,-1.04736328125,0.227294921875,1.0
0.61181640625,-0.55908203125,-0.56787109375,1.0
-0.19189453125,0.759521484375,-0.2001953125,1.0
0.236328125,-0.0126953125,0.589599609375,1.0
-0.26123046875,1.3486328125,1.226806640625,1.0
-0.156494140625,-0.18115234375,0.848876953125,0.0
0.060791015625,-0.026611328125,1.01904296875,0.0
-0.0673828125,-0.063232421875,0.615966796875,0.0
0.7099609375,-0.217529296875,0.7353515625,1.0
0.34765625,-0.552001953125,0.3583984375,1.0
0.6943359375,-0.013671875,-1.0380859375,1.0
0.463623046875,1.120361328125,0.682373046875,1.0
0.052490234375,-0.0361328125,0.58935546875,0.0
-0.0078125,0.03173828125,1.025146484375,0.0
0.006103515625,0.03125,0.91748046875,0.0
0.248291015625,0.537841796875,0.78759765625,1.0
0.2080078125,0.10107421875,1.165283203125,1.0
-0.00830078125,0.02197265625,1.18017578125,1.0
0.44775390625,-0.2822265625,0.849609375,1.0
0.9033203125,-0.0400390625,-0.158203125,1.0
0.13623046875,1.011962890625,-0.27197265625,1.0
0.570068359375,-0.00830078125,-0.7958984375,1.0
-0.044921875,0.05322265625,0.891357421875,0.0
-0.5703125,-0.048828125,1.175537109375,1.0
0.090087890625,0.12548828125,1.990966796875,0.0
0.053466796875,0.018310546875,1.06591796875,0.0
-0.71044921875,-0.3544921875,1.0185546875,1.0
0.3310546875,-0.026611328125,0.789306640625,0.0
-0.112060546875,-0.153564453125,0.73046875,0.0
-0.1005859375,-0.9052734375,0.842529296875,1.0
-0.42333984375,-0.095458984375,1.5517578125,1.0
-0.008544921875,0.943603515625,0.747802734375,1.0
-0.052734375,1.091552734375,0.055419921875,1.0
-0.088134765625,-0.0439453125,1.00927734375,0.0
-0.01123046875,0.919189453125,-0.318359375,1.0
-0.021484375,0.902587890625,-0.0966796875,1.0
0.554931640625,1.0869140625,0.43701171875,1.0
0.807373046875,-0.757080078125,-0.34228515625,1.0
1.048583984375,-0.195068359375,-0.142822265625,1.0
0.0654296875,-0.025390625,1.01708984375,0.0
0.265869140625,-0.80419921875,0.648193359375,1.0
0.25927734375,0.253662109375,0.77294921875,1.0
0.158935546875,-0.00146484375,1.049560546875,0.0
-0.12060546875,0.06298828125,1.9521484375,0.0
0.142333984375,-0.138916015625,0.951171875,0.0
0.432373046875,1.041259765625,0.600341796875,1.0
0.112060546875,-0.02392578125,1.073974609375,0.0
0.131103515625,1.076171875,0.043701171875,1.0
0.014892578125,0.028564453125,0.9736328125,0.0
0.443359375,-0.110107421875,0.95361328125,1.0
-0.049560546875,1.01171875,-0.246337890625,1.0
-0.0556640625,-0.287109375,0.628662109375,1.0
0.82275390625,-0.18505859375,-0.443603515625,1.0
0.259033203125,-0.037109375,0.878662109375,0.0
0.26171875,-0.122802734375,0.92333984375,1.0
-0.081787109375,-0.1044921875,0.62109375,0.0
0.050048828125,-0.349853515625,1.040283203125,1.0
-0.0078125,1.04931640625,0.608154296875,1.0
0.630859375,0.164794921875,-0.518310546875,1.0
-0.119384765625,-0.37548828125,1.007080078125,1.0
-0.033447265625,1.07568359375,0.201416015625,1.0
0.7880859375,-0.414794921875,0.01513671875,1.0
0.607666015625,-0.306396484375,0.698486328125,1.0
0.427734375,-0.093505859375,-0.6708984375,1.0
0.049560546875,0.011962890625,1.083251953125,0.0
0.5185546875,-0.232421875,-0.154296875,1.0
0.082763671875,-0.00390625,1.065185546875,0.0
0.206298828125,-0.62548828125,0.539794921875,1.0
1.21435546875,-0.490966796875,0.35595703125,1.0
-0.202880859375,-0.107177734375,0.68017578125,0.0
-0.206787109375,0.436767578125,1.05419921875,1.0
0.113525390625,-0.0166015625,1.28759765625,0.0
1.3857421875,-0.02392578125,-0.105224609375,1.0
0.108642578125,-0.101806640625,1.056640625,1.0
0.0478515625,0.94482421875,0.197509765625,1.0
-0.10791015625,-0.25390625,0.924560546875,1.0
0.05224609375,-0.015380859375,1.01904296875,0.0
0.26904296875,0.3681640625,1.265625,1.0
0.5654296875,-0.043212890625,0.462158203125,1.0
-0.248291015625,0.033935546875,0.82666015625,1.0
0.330322265625,-0.27001953125,0.576171875,1.0
0.94921875,0.138427734375,-0.96435546875,1.0
0.49658203125,0.001220703125,0.579833984375,1.0
0.712646484375,-0.24609375,-0.990478515625,1.0
0.039306640625,-0.290771484375,1.001220703125,1.0
-0.083251953125,0.72705078125,-0.601806640625,1.0
0.200927734375,-0.067626953125,0.880859375,1.0
0.35595703125,0.22216796875,1.245849609375,1.0
-0.093017578125,-0.135498046875,0.859375,0.0
-0.04345703125,-0.06689453125,0.479248046875,0.0
0.99169921875,-0.212646484375,0.114990234375,1.0
0.423095703125,-0.74169921875,0.00390625,1.0
0.80908203125,-0.472412109375,-0.428466796875,1.0
0.79345703125,-0.135498046875,-0.244873046875,1.0
0.291015625,-0.0068359375,1.6669921875,0.0
-0.083740234375,-0.245361328125,0.961669921875,1.0
0.676513671875,-0.009521484375,0.44970703125,1.0
-0.4228515625,0.206298828125,1.1484375,1.0
0.13330078125,0.483154296875,0.710205078125,1.0
-0.232421875,0.69140625,-0.684814453125,1.0
0.6533203125,0.0341796875,0.7763671875,1.0
-0.0126953125,1.030517578125,-0.155517578125,1.0
-0.00439453125,0.00341796875,1.081298828125,0.0
0.17724609375,0.28955078125,0.87451171875,1.0
0.072265625,-0.00390625,1.01806640625,0.0
0.1845703125,0.359375,0.73193359375,1.0
-0.109130859375,-0.142822265625,1.01025390625,1.0
0.199951171875,-0.495361328125,0.7890625,1.0
0.183837890625,-0.767578125,0.622802734375,1.0
0.109375,-0.083251953125,0.61767578125,0.0
0.115966796875,0.010986328125,1.037841796875,0.0
0.051025390625,-0.001953125,1.01904296875,0.0
-0.22802734375,-0.177001953125,0.9462890625,1.0
0.73876953125,-0.141357421875,-0.142822265625,1.0
-0.058349609375,0.024169921875,1.03125,0.0
-0.22314453125,0.88671875,0.67822265625,1.0
0.1015625,1.12744140625,-0.302001953125,1.0
0.329833984375,0.088623046875,-0.845458984375,1.0
0.034423828125,0.007568359375,1.104736328125,0.0
0.54833984375,0.2548828125,1.990478515625,0.0
0.096923828125,0.00537109375,1.0029296875,0.0
0.60693359375,-0.199462890625,0.154296875,1.0
0.44921875,0.551513671875,1.039306640625,1.0
0.056396484375,0.0,1.021728515625,0.0
0.173583984375,0.429443359375,0.705322265625,1.0
0.405029296875,-0.001220703125,0.5205078125,1.0
0.130126953125,-0.017578125,0.919677734375,0.0
-0.05126953125,-0.03759765625,0.99169921875,0.0
-0.1171875,0.19287109375,0.763427734375,1.0
-0.19580078125,-0.11962890625,1.14208984375,1.0
0.158447265625,0.0068359375,1.013427734375,0.0
0.196044921875,-0.7001953125,0.52392578125,1.0
0.13330078125,-0.076171875,1.02587890625,0.0
0.577880859375,-0.091064453125,0.734375,1.0
0.11865234375,-0.067626953125,-0.864013671875,1.0
-0.1025390625,-0.07568359375,0.709228515625,0.0
0.0390625,-0.38330078125,1.021484375,1.0
0.084716796875,0.147705078125,1.01953125,0.0
-0.99609375,-0.1171875,0.223876953125,1.0
0.202392578125,0.0009765625,0.944580078125,0.0
-0.519775390625,0.156005859375,0.940673828125,1.0
0.963623046875,-0.13037109375,0.245849609375,1.0
0.0732421875,0.01611328125,1.131103515625,0.0
-0.75732421875,-0.3056640625,1.142822265625,1.0
0.281005859375,1.149169921875,0.320068359375,1.0
0.0478515625,-0.03759765625,1.129638671875,0.0
0.056884765625,-0.004150390625,1.017822265625,1.0
0.060546875,0.00244140625,1.020751953125,0.0
0.058837890625,-0.005615234375,1.01318359375,0.0
0.678955078125,-0.16796875,0.490966796875,1.0
0.555908203125,-0.15869140625,0.891845703125,1.0
0.037353515625,-0.0419921875,1.294677734375,0.0
0.315185546875,-0.178955078125,1.119140625,1.0
0.05322265625,-0.006103515625,1.0224609375,1.0
0.05419921875,-0.005615234375,1.078125,0.0
0.860107421875,-0.506591796875,0.50146484375,1.0
0.1142578125,0.98095703125,-0.522216796875,1.0
0.058837890625,-0.012939453125,1.018798828125,0.0
-0.091552734375,-0.256103515625,0.832763671875,1.0
0.671875,-0.41162109375,0.098876953125,1.0
0.017333984375,-0.069091796875,0.767578125,0.0
0.06201171875,-0.00146484375,1.018310546875,0.0
-0.173583984375,-0.482177734375,0.435791015625,1.0
0.2197265625,0.035888671875,0.901123046875,0.0
0.751708984375,0.0849609375,0.05322265625,1.0
-0.09716796875,-0.114013671875,0.86767578125,0.0
-0.01220703125,0.86376953125,0.869384765625,1.0
-0.064453125,-0.835205078125,0.563232421875,1.0
-0.28466796875,-0.37451171875,0.925048828125,1.0
0.2626953125,-0.009521484375,1.079345703125,1.0
0.053955078125,-0.00146484375,1.020751953125,0.0
0.62109375,-0.1943359375,0.79541015625,1.0
0.451904296875,0.933837890625,-0.15673828125,1.0
0.9345703125,-0.51171875,0.59033203125,1.0
0.058349609375,-0.000244140625,1.013916015625,0.0
0.55126953125,0.343994140625,0.7578125,0.0
0.056396484375,0.012939453125,1.020263671875,1.0
0.727294921875,-0.10693359375,-0.44677734375,1.0
0.074951171875,0.0146484375,1.02685546875,0.0
0.295166015625,0.509521484375,1.203125,1.0
0.03857421875,-0.004638671875,0.983154296875,0.0
0.175537109375,1.25537109375,0.22802734375,1.0
-0.7099609375,-0.05224609375,0.966552734375,1.0
0.115966796875,0.878662109375,-0.40283203125,1.0
0.220458984375,0.97607421875,0.502197265625,1.0
-0.147216796875,-0.18603515625,0.679931640625,0.0
0.658935546875,0.031005859375,0.787109375,1.0
0.673583984375,-0.486328125,-1.10205078125,1.0
-0.241455078125,0.640380859375,-0.654052734375,1.0
0.78271484375,0.084716796875,-0.4541015625,1.0
0.02783203125,0.34619140625,0.671630859375,1.0
0.532470703125,0.74560546875,0.274658203125,1.0
0.1376953125,-0.185302734375,0.68115234375,0.0
0.365478515625,-0.3466796875,0.358642578125,1.0
0.131103515625,1.080810546875,0.880126953125,1.0
0.07275390625,0.090576171875,1.071533203125,0.0
-0.589111328125,0.048583984375,1.031982421875,1.0
0.131591796875,-0.0576171875,1.017578125,1.0
0.83203125,-0.268310546875,0.25439453125,1.0
-0.56298828125,0.26708984375,1.075927734375,1.0
0.4130859375,-0.07958984375,0.93310546875,1.0
0.610595703125,0.037109375,0.767578125,1.0
0.485595703125,0.239990234375,0.75244140625,1.0
-0.078857421875,-0.006591796875,0.97216796875,0.0
-0.06494140625,-0.051513671875,0.982666015625,0.0
0.271728515625,0.646484375,0.94189453125,1.0
0.00146484375,-0.052490234375,1.03466796875,0.0
0.236572265625,-0.003173828125,0.878662109375,0.0
-0.434326171875,0.2041015625,1.026611328125,1.0
0.080322265625,0.939453125,0.12060546875,1.0
0.1923828125,-0.15283203125,0.749267578125,0.0
0.214599609375,-0.012939453125,1.00390625,1.0
-0.115966796875,-0.0283203125,0.833984375,1.0
0.345947265625,0.53759765625,0.8984375,1.0
-0.1357421875,0.40673828125,-0.216552734375,0.0
-0.02685546875,-0.731201171875,0.7109375,1.0
0.635498046875,-0.29150390625,-0.00537109375,1.0
0.83447265625,-0.814697265625,0.2216796875,1.0
-0.147705078125,-0.160888671875,0.341552734375,0.0
-0.100341796875,-0.02783203125,0.997802734375,1.0
0.704345703125,-0.111572265625,-0.55029296875,1.0
0.979736328125,-0.093017578125,-0.011474609375,1.0
0.304443359375,1.01123046875,-0.24462890625,1.0
0.23583984375,1.1298828125,-0.2314453125,1.0
-0.01708984375,0.005859375,0.88330078125,0.0
0.251220703125,-0.4658203125,-0.831787109375,1.0
0.724609375,-0.1591796875,-0.212890625,1.0
0.66455078125,0.138916015625,0.7314453125,1.0
0.716796875,-0.4619140625,-0.203857421875,1.0
-0.495361328125,0.10400390625,1.18603515625,1.0
0.154052734375,0.02099609375,0.893798828125,0.0
0.644287109375,-0.052001953125,0.789794921875,1.0
-0.435302734375,0.074951171875,0.808349609375,1.0
0.630126953125,-0.001220703125,0.26513671875,1.0
-0.025390625,-0.056884765625,0.931640625,0.0
0.156982421875,-0.00048828125,1.013916015625,0.0
0.418701171875,-0.171875,1.085205078125,1.0
0.05712890625,0.0009765625,1.01806640625,0.0
0.87353515625,-0.171875,0.041015625,1.0
0.1396484375,0.755126953125,0.88916015625,1.0
0.05859375,0.002197265625,1.02294921875,0.0
0.832275390625,-0.26318359375,-0.76708984375,1.0
0.166259765625,-0.12646484375,0.482666015625,0.0
0.0322265625,-0.16259765625,1.05322265625,0.0
0.136962890625,-0.015380859375,0.996337890625,0.0
0.640380859375,0.00830078125,0.788330078125,1.0
0.03369140625,-0.342529296875,0.4833984375,1.0
0.65673828125,0.040771484375,0.785400390625,1.0
0.075927734375,-0.00439453125,1.031005859375,0.0
0.824951171875,-0.202880859375,0.19677734375,1.0
-0.649169921875,0.395751953125,0.768798828125,1.0
0.4169921875,0.46044921875,0.85888671875,1.0
0.0302734375,0.03955078125,1.035888671875,0.0
0.06103515625,0.00634765625,1.01171875,0.0
-0.09521484375,-0.00537109375,1.364013671875,0.0
-0.07861328125,-0.02099609375,1.002685546875,0.0
0.42919921875,-0.765625,0.35107421875,1.0
-0.036865234375,-0.061279296875,0.945556640625,0.0
0.153564453125,-0.39453125,0.8193359375,1.0
0.354736328125,1.09521484375,0.40771484375,1.0
0.04736328125,-0.07373046875,1.088134765625,0.0
0.1787109375,-0.270263671875,0.64599609375,1.0
0.0654296875,0.01513671875,1.0048828125,0.0
0.1689453125,-0.222412109375,0.9443359375,1.0
0.056640625,-0.001953125,1.0146484375,1.0
-0.009033203125,0.000244140625,1.010986328125,0.0
0.183349609375,-0.8173828125,0.42333984375,1.0
0.551513671875,-0.739501953125,0.19970703125,1.0
0.38525390625,0.89501953125,0.44677734375,1.0
1.00439453125,-0.336669921875,0.090087890625,1.0
0.071533203125,-0.04345703125,0.931640625,0.0
-0.614501953125,-0.071533203125,0.893310546875,1.0
-0.193115234375,-0.1953125,0.516845703125,0.0
-0.012451171875,-0.089111328125,1.23583984375,0.0
0.0302734375,0.006103515625,1.02978515625,0.0
0.1162109375,0.9658203125,0.57421875,1.0
0.109130859375,0.05322265625,1.185302734375,0.0
0.097900390625,-0.015869140625,0.948486328125,0.0
0.0771484375,0.014404296875,1.00341796875,0.0
0.052734375,-0.806884765625,0.34228515625,1.0
0.95263671875,-0.615478515625,0.666748046875,1.0
0.119140625,-0.03076171875,0.901123046875,0.0
0.27587890625,-0.381591796875,0.785400390625,1.0
0.0224609375,-0.814697265625,0.4287109375,1.0
0.02001953125,-0.00244140625,1.095703125,0.0
0.15234375,1.051025390625,-0.213623046875,1.0
-0.1845703125,-0.32275390625,0.8447265625,1.0
0.118408203125,0.008056640625,0.9423828125,0.0
0.845947265625,-0.301513671875,-0.414794921875,1.0
0.130615234375,0.01806640625,1.067626953125,0.0
0.56884765625,-0.491455078125,0.37548828125,1.0
0.208251953125,0.050048828125,1.18310546875,0.0
0.03369140625,0.022705078125,0.888427734375,0.0
-0.394775390625,-0.25732421875,1.09228515625,1.0
0.12646484375,0.009033203125,1.19482421875,0.0
-0.015625,-0.036376953125,1.183837890625,0.0
0.2998046875,-0.205322265625,0.9296875,1.0
0.41259765625,1.0625,0.345703125,1.0
-0.18701171875,-0.05419921875,1.157470703125,0.0
0.009521484375,0.0205078125,0.99169921875,0.0
0.818359375,0.01220703125,-0.756591796875,1.0
0.080078125,0.055419921875,1.228271484375,0.0
-0.01513671875,-0.018310546875,0.927001953125,0.0
0.057373046875,-0.002685546875,1.019775390625,1.0
-0.15185546875,-0.16064453125,0.693359375,1.0
0.30224609375,-0.01416015625,0.875732421875,0.0
0.029296875,-0.53369140625,0.87939453125,1.0
0.097412109375,0.918701171875,-0.37646484375,1.0
0.869140625,-0.23876953125,-0.33349609375,1.0
0.587646484375,-0.6640625,-0.340087890625,1.0
-0.44580078125,-0.092529296875,1.155517578125,1.0
0.453857421875,-0.21240234375,0.787109375,1.0
0.0400390625,-0.007568359375,0.803466796875,1.0
-0.439208984375,0.061767578125,0.82763671875,1.0
0.0546875,-0.014892578125,1.00537109375,0.0
0.400634765625,-0.57568359375,-0.966064453125,1.0
-0.593505859375,-0.162841796875,0.583251953125,1.0
-0.669677734375,-0.283447265625,1.118896484375,1.0
0.05126953125,0.533203125,1.36865234375,1.0
0.0576171875,-0.002685546875,1.020263671875,0.0
0.084716796875,-0.0029296875,1.011962890625,0.0
0.261962890625,-0.178955078125,0.63134765625,1.0
0.421630859375,0.08251953125,0.819091796875,1.0
-0.153076171875,-0.093017578125,0.7705078125,1.0
0.245361328125,0.737548828125,1.185302734375,1.0
0.843994140625,-0.451904296875,1.0048828125,1.0
0.069091796875,0.004150390625,1.020263671875,0.0
0.91796875,-0.599853515625,0.144287109375,1.0
0.0595703125,-0.00537109375,1.01953125,0.0
0.92724609375,-0.18701171875,-0.28857421875,1.0
-0.343017578125,-0.017578125,1.08349609375,1.0
-0.0029296875,0.044677734375,0.970458984375,0.0
0.679931640625,0.074951171875,0.7734375,1.0
0.371337890625,0.38037109375,-0.9755859375,1.0
0.303955078125,0.021484375,1.058349609375,0.0
0.054931640625,-0.000244140625,1.0146484375,1.0
0.417236328125,-0.373046875,0.41650390625,1.0
0.029052734375,-0.000244140625,1.0302734375,0.0
-0.235595703125,-0.077392578125,1.025146484375,1.0
-0.134521484375,-0.573486328125,0.814697265625,1.0
0.2822265625,0.9755859375,0.273193359375,1.0
0.15478515625,0.294677734375,1.090576171875,1.0
-0.214111328125,-0.07568359375,0.698486328125,0.0
0.157470703125,0.68701171875,0.366455078125,1.0
0.3154296875,0.41064453125,1.08251953125,1.0
0.807861328125,-0.411376953125,0.20703125,1.0
0.042236328125,-0.009765625,0.83056640625,0.0
0.060791015625,0.0,1.017578125,0.0
0.629638671875,0.03662109375,0.802978515625,1.0
0.053466796875,0.001708984375,1.002685546875,0.0
0.170166015625,0.010986328125,1.041259765625,0.0
0.2138671875,1.06982421875,0.35693359375,1.0
-0.041259765625,-0.0263671875,1.088623046875,0.0
0.044677734375,-0.158935546875,0.656005859375,0.0
0.10791015625,-0.0302734375,1.005126953125,0.0
0.38623046875,-0.630615234375,1.00341796875,1.0
0.060302734375,-0.002197265625,1.0205078125,1.0
0.06103515625,-0.001220703125,1.017822265625,0.0
0.6494140625,0.0390625,0.800537109375,1.0
-0.490234375,0.005126953125,1.2861328125,1.0
0.06396484375,-0.026611328125,1.013671875,0.0
1.012451171875,0.1376953125,-0.553466796875,1.0
0.07568359375,0.001220703125,1.001220703125,0.0
0.384033203125,1.0029296875,0.888671875,1.0
0.21728515625,1.10546875,-0.18115234375,1.0
0.31982421875,1.33935546875,0.4580078125,1.0
0.974365234375,-0.545166015625,-0.2548828125,1.0
0.482421875,0.52880859375,0.553466796875,1.0
0.06884765625,-0.001953125,1.058837890625,0.0
-0.442626953125,-0.15966796875,1.050537109375,1.0
0.865234375,-0.39111328125,0.7685546875,1.0
0.031982421875,0.005615234375,1.021728515625,0.0
0.048095703125,-0.12744140625,1.073974609375,0.0
0.22900390625,0.110595703125,1.056396484375,1.0
0.5126953125,-0.087890625,0.8251953125,1.0
0.05908203125,-0.001220703125,1.016357421875,1.0
0.24365234375,0.058349609375,0.632080078125,1.0
0.111083984375,0.839111328125,0.6943359375,1.0
0.3544921875,-0.358154296875,0.486328125,1.0
0.429931640625,-0.01123046875,0.737548828125,0.0
0.892333984375,-0.4736328125,0.583984375,1.0
0.70654296875,-0.0751953125,-0.278076171875,1.0
0.709716796875,-0.142333984375,0.825439453125,1.0
-1.05419921875,-0.1220703125,0.20849609375,1.0
0.424072265625,-0.714599609375,0.146484375,1.0
-0.056884765625,0.010986328125,0.96435546875,0.0
0.568359375,-0.3291015625,0.770751953125,1.0
0.065673828125,-0.001708984375,1.007568359375,0.0
-0.011962890625,0.085205078125,0.794677734375,0.0
-0.19482421875,-0.040771484375,1.267822265625,0.0
0.471923828125,-0.358642578125,0.76513671875,1.0
0.283935546875,-0.025390625,1.25390625,0.0
0.210205078125,0.627197265625,1.022705078125,1.0
0.095458984375,0.00146484375,1.013671875,0.0
0.625244140625,-0.212890625,-0.939697265625,1.0
0.36474609375,-0.6630859375,0.44384765625,1.0
0.260498046875,-0.6865234375,0.470458984375,1.0
0.91943359375,-0.249755859375,0.222900390625,1.0
0.05615234375,-0.003173828125,1.020751953125,0.0
0.375732421875,0.177001953125,0.89404296875,1.0
0.13232421875,0.98779296875,-0.12451171875,1.0
-0.03466796875,-0.5732421875,1.99993896484375,1.0
0.789794921875,-0.34912109375,-0.09619140625,1.0
0.002685546875,-0.8955078125,0.473876953125,1.0
-0.53955078125,-0.350341796875,1.157470703125,1.0
0.764404296875,-0.11767578125,-0.6083984375,1.0
0.332275390625,-0.67529296875,0.57275390625,1.0
-0.088134765625,0.07080078125,1.014404296875,1.0
0.090087890625,0.910400390625,0.4326171875,1.0
0.2900390625,0.145263671875,1.2421875,0.0
0.7314453125,-0.47216796875,-0.47802734375,1.0
0.8359375,-0.4619140625,-0.5087890625,1.0
0.9609375,0.109619140625,0.23193359375,1.0
-0.061279296875,-0.099609375,0.9287109375,0.0
0.38427734375,0.095703125,-0.9873046875,1.0
0.39501953125,-1.209228515625,-0.204345703125,1.0
0.034912109375,0.000244140625,1.0224609375,0.0
-0.41943359375,0.004150390625,1.131103515625,1.0
0.083740234375,-0.0556640625,0.986083984375,0.0
0.17626953125,0.043212890625,1.0673828125,0.0
0.71728515625,-0.104248046875,0.36962890625,1.0
0.148681640625,0.0048828125,0.8388671875,0.0
-0.072509765625,0.514404296875,0.848876953125,1.0
0.026611328125,0.212646484375,0.7578125,0.0
0.088134765625,-0.185302734375,1.076171875,1.0
0.027099609375,0.76220703125,-0.314697265625,1.0
0.385498046875,0.25146484375,1.118896484375,1.0
0.180908203125,0.017822265625,1.07568359375,0.0
0.03662109375,-0.081787109375,0.899169921875,0.0
0.048828125,-0.00146484375,1.019775390625,0.0
0.013671875,1.02392578125,0.39990234375,1.0
-0.112548828125,-0.143310546875,1.0751953125,0.0
0.21826171875,-0.544921875,0.622802734375,1.0
0.395263671875,-0.18359375,0.855712890625,1.0
-0.42919921875,-0.29833984375,0.696533203125,0.0
0.053466796875,-0.001953125,1.017578125,0.0
0.033447265625,-0.03369140625,0.72265625,0.0
-0.006103515625,-0.0908203125,1.098876953125,0.0
0.332275390625,-0.8818359375,0.373291015625,1.0
-0.080322265625,0.020751953125,0.89306640625,0.0
0.056884765625,-0.014892578125,1.025146484375,0.0
0.131103515625,-0.001708984375,0.822265625,0.0
-0.250244140625,0.170654296875,1.397705078125,0.0
0.02294921875,1.052001953125,-0.32470703125,1.0
0.489013671875,-0.569091796875,0.486572265625,1.0
0.05517578125,-0.001953125,1.022705078125,0.0
-0.053466796875,0.9296875,-0.152099609375,1.0
0.05419921875,0.002197265625,1.028076171875,0.0
0.586181640625,0.04345703125,-0.989501953125,1.0
0.01611328125,0.61572265625,1.1259765625,1.0
1.204833984375,-0.30615234375,0.2724609375,1.0
0.187255859375,0.099853515625,1.18115234375,0.0
-0.617431640625,-0.20849609375,0.869873046875,1.0
-0.248779296875,-0.041748046875,1.41455078125,1.0
0.191162109375,-0.917236328125,0.39208984375,1.0
0.1533203125,1.115478515625,0.871826171875,1.0
0.325927734375,-0.0107421875,0.922607421875,0.0
0.313232421875,-0.443359375,0.63037109375,1.0
0.644287109375,-0.0849609375,-0.31640625,1.0
0.334716796875,0.09521484375,-0.989990234375,1.0
0.625732421875,-0.045166015625,-0.162841796875,1.0
0.137939453125,0.07958984375,1.09912109375,0.0
-0.1826171875,0.36669921875,0.866943359375,1.0
0.091064453125,-0.2724609375,0.666259765625,1.0
0.1591796875,0.014892578125,1.09375,0.0
0.38330078125,-1.037841796875,0.285888671875,1.0
0.1162109375,1.045166015625,0.408935546875,1.0
0.93603515625,-0.44189453125,-0.216064453125,1.0
-0.1298828125,-0.419677734375,1.277587890625,1.0
0.022216796875,-0.498291015625,1.44140625,1.0
-0.047119140625,-0.046630859375,1.090087890625,0.0
-0.482666015625,-0.115234375,1.13232421875,1.0
0.074951171875,-0.001220703125,1.03076171875,0.0
0.439208984375,-0.094970703125,1.0458984375,1.0
1.1591796875,-0.431396484375,-0.011474609375,1.0
0.156005859375,0.027587890625,1.083251953125,0.0
0.050048828125,1.01220703125,0.406982421875,1.0
0.11181640625,0.071044921875,1.025146484375,0.0
0.4228515625,0.282470703125,-0.92333984375,1.0
0.050537109375,-0.001953125,1.02587890625,1.0
0.213134765625,-0.044677734375,0.8408203125,0.0
-0.05859375,-0.790283203125,0.62890625,1.0
-0.089599609375,-0.332763671875,0.75634765625,1.0
0.13330078125,-0.05810546875,1.0498046875,0.0
-0.0341796875,0.074951171875,0.859619140625,0.0
0.055908203125,-0.002197265625,1.010986328125,1.0
0.114990234375,-0.021484375,1.010009765625,0.0
-0.572021484375,0.07373046875,0.798828125,1.0
0.414794921875,-0.010009765625,-0.626953125,1.0
0.10888671875,0.002197265625,1.042236328125,0.0
0.002197265625,-0.001220703125,1.002197265625,0.0
-0.087158203125,-0.014404296875,0.9912109375,0.0
0.73779296875,-0.30224609375,-0.566162109375,1.0
-0.313232421875,0.292236328125,0.9755859375,1.0
-0.035400390625,-0.015869140625,0.56103515625,0.0
0.23095703125,0.0048828125,1.109619140625,0.0
0.299072265625,1.139892578125,0.543212890625,1.0
0.347412109375,0.23876953125,1.18603515625,0.0
1.00146484375,-0.528076171875,1.032470703125,1.0
0.13525390625,-0.285400390625,1.204345703125,1.0
-0.2333984375,-0.3515625,0.984375,1.0
0.059814453125,0.0,1.01806640625,0.0
0.0771484375,0.013671875,1.12890625,0.0
0.088134765625,-0.021240234375,0.8994140625,0.0
0.040283203125,-0.0947265625,0.901611328125,1.0
0.000732421875,-0.05908203125,0.895751953125,0.0
0.478759765625,-0.521484375,0.454833984375,1.0
-0.2822265625,-0.072021484375,0.818603515625,1.0
-0.411376953125,-0.065673828125,0.960693359375,1.0
0.064208984375,0.0009765625,1.019287109375,1.0
0.0244140625,-0.01953125,1.016845703125,0.0
0.2109375,0.299560546875,1.0732421875,1.0
0.314697265625,-0.548583984375,1.02978515625,1.0
-0.026123046875,-0.02294921875,1.178466796875,0.0
-0.00341796875,-0.024658203125,0.859619140625,0.0
0.497802734375,0.006591796875,0.804443359375,1.0
0.122802734375,-0.087646484375,0.996337890625,1.0
0.62060546875,-0.510986328125,-0.549072265625,1.0
0.570556640625,-0.078125,-0.744873046875,1.0
0.015869140625,-0.10205078125,0.9228515625,0.0
0.12548828125,-0.02978515625,1.045166015625,0.0
0.72412109375,-0.169189453125,0.26025390625,1.0
0.0791015625,0.045654296875,1.0107421875,0.0
0.16015625,0.01025390625,1.070556640625,0.0
-0.122314453125,0.076171875,1.08203125,1.0
-0.010009765625,0.006103515625,1.3564453125,0.0
-0.648681640625,0.450927734375,0.841064453125,1.0
0.03857421875,0.04736328125,1.02197265625,0.0
0.059326171875,0.018798828125,1.04248046875,0.0
-0.129150390625,-0.13623046875,0.599365234375,0.0
-0.142822265625,0.8271484375,0.761474609375,1.0
-0.0390625,0.068115234375,0.859130859375,0.0
-0.03369140625,0.014892578125,1.047119140625,0.0
-0.052978515625,-0.00341796875,1.006591796875,0.0
-0.01318359375,0.352294921875,0.396484375,1.0
0.47216796875,0.209228515625,1.086669921875,1.0
0.94921875,-0.57373046875,-0.3994140625,1.0
0.058349609375,-0.16748046875,0.505126953125,1.0
0.27001953125,0.724853515625,0.62890625,1.0
0.057373046875,0.012939453125,1.0009765625,0.0
-0.159423828125,-0.5361328125,1.14453125,1.0
0.38916015625,0.59765625,0.818603515625,1.0
0.33154296875,-0.570556640625,0.364501953125,1.0
-0.15478515625,0.847412109375,0.1962890625,1.0
0.046630859375,-0.001220703125,1.226318359375,0.0
0.27978515625,-0.20556640625,0.771728515625,1.0
-0.095947265625,-0.00732421875,1.2197265625,0.0
0.041748046875,0.029296875,1.00927734375,0.0
0.6669921875,-0.002197265625,-0.12890625,1.0
0.675537109375,0.080810546875,0.7958984375,1.0
1.0458984375,0.1005859375,0.734130859375,1.0
1.01171875,0.50537109375,0.003173828125,1.0
0.448486328125,0.056396484375,-0.967529296875,1.0
0.5791015625,-0.36083984375,0.794677734375,1.0
0.843017578125,-0.23046875,0.0185546875,1.0
0.02685546875,-0.09716796875,0.691650390625,0.0
-0.016357421875,-0.066650390625,0.786865234375,0.0
1.208251953125,0.292236328125,-0.727294921875,1.0
-0.106201171875,-0.019775390625,0.97998046875,0.0
0.615966796875,-0.52734375,0.899169921875,1.0
0.948486328125,-0.348388671875,0.339111328125,1.0
0.33740234375,0.521484375,0.748291015625,1.0
-0.721923828125,-0.0166015625,0.717041015625,1.0
0.584716796875,-0.163330078125,0.925048828125,1.0
0.175048828125,-0.00244140625,0.915283203125,0.0
0.185791015625,-0.066650390625,0.683837890625,0.0
-0.01611328125,-0.065185546875,0.900146484375,0.0
0.754150390625,-0.737548828125,0.230224609375,1.0
0.052001953125,0.0009765625,1.023681640625,1.0
0.631591796875,0.0322265625,0.8017578125,1.0
0.697509765625,0.235595703125,0.2255859375,1.0
0.5107421875,-0.2734375,0.662841796875,1.0
0.087646484375,-0.181396484375,0.963134765625,0.0
0.688232421875,-0.151611328125,0.08935546875,1.0
0.1826171875,-0.25537109375,0.68212890625,1.0
-0.012939453125,-0.01318359375,1.01123046875,0.0
-0.082763671875,0.019775390625,1.72802734375,0.0
0.240478515625,-0.3525390625,1.258544921875,1.0
-0.175048828125,-0.057861328125,0.9833984375,0.0
0.166015625,-0.001953125,0.97509765625,0.0
0.1123046875,0.25146484375,1.99993896484375,0.0
0.584228515625,-0.69287109375,0.4541015625,1.0
-0.3876953125,-0.50732421875,1.214111328125,1.0
0.674560546875,-0.15283203125,-0.04248046875,1.0
0.28564453125,0.69580078125,0.38623046875,1.0
-0.112060546875,-0.007080078125,1.009521484375,0.0
0.7451171875,0.104248046875,0.10546875,1.0
0.122314453125,0.223876953125,1.99993896484375,0.0
-0.501953125,0.22998046875,0.947998046875,1.0
-0.000732421875,-0.559326171875,0.532470703125,1.0
0.21533203125,0.04052734375,0.985107421875,0.0
0.2783203125,-0.0537109375,0.5322265625,1.0
0.05908203125,-0.000244140625,1.013916015625,0.0
0.5986328125,-0.09912109375,0.464111328125,1.0
0.161376953125,0.03076171875,0.797607421875,0.0
0.10205078125,0.5927734375,1.0947265625,1.0
0.0595703125,0.00390625,1.015380859375,0.0
0.117431640625,-0.01953125,0.99169921875,0.0
0.103515625,0.0146484375,1.0166015625,0.0
0.0615234375,-0.025634765625,1.016845703125,0.0
-0.189697265625,-0.2392578125,0.56005859375,1.0
0.867431640625,-0.098876953125,0.316650390625,1.0
0.565185546875,-0.38720703125,-0.406005859375,1.0
0.513427734375,-0.18798828125,0.590087890625,1.0
1.0751953125,-0.419921875,0.321533203125,1.0
0.131591796875,-0.051025390625,0.999755859375,0.0
0.291015625,0.806396484375,0.89404296875,1.0
0.386962890625,-0.067626953125,1.0166015625,1.0
-0.057861328125,-0.029052734375,1.000244140625,0.0
0.086669921875,-0.000732421875,1.016845703125,0.0
0.7021484375,0.05224609375,0.78076171875,1.0
0.010986328125,0.026123046875,1.49169921875,0.0
0.1162109375,-0.00732421875,0.96630859375,0.0
0.32373046875,-0.04150390625,0.46826171875,1.0
0.85546875,-0.43603515625,-0.255615234375,1.0
0.2353515625,-0.01611328125,0.8125,1.0
0.38134765625,0.068603515625,0.310302734375,1.0
0.091796875,-0.051025390625,1.059326171875,0.0
0.0693359375,-0.052978515625,1.00390625,0.0
0.124267578125,-0.00634765625,0.998779296875,0.0
0.425537109375,-0.00634765625,0.56591796875,0.0
0.70458984375,-0.611572265625,0.334716796875,1.0
0.25927734375,0.679931640625,1.052734375,1.0
0.028076171875,-0.48779296875,0.88916015625,1.0
0.857666015625,-0.60693359375,0.65869140625,1.0
-0.00732421875,-0.0009765625,0.947265625,0.0
-0.015625,-0.5869140625,0.580078125,1.0
-0.29541015625,-0.0966796875,1.0107421875,0.0
0.556396484375,-0.320068359375,0.665283203125,1.0
-0.18017578125,0.997314453125,-0.369873046875,1.0
1.14599609375,0.11767578125,-0.855224609375,1.0
0.0185546875,1.05908203125,-0.305419921875,1.0
0.1416015625,0.752197265625,0.714599609375,1.0
-0.098876953125,-0.129638671875,0.902587890625,0.0
0.113525390625,0.007080078125,1.0458984375,0.0
0.108642578125,0.00634765625,1.012451171875,0.0
0.153076171875,-0.0107421875,0.8984375,0.0
0.166748046875,-0.05517578125,0.9462890625,0.0
0.9541015625,-0.3671875,0.4287109375,1.0
0.39013671875,0.44677734375,0.955810546875,1.0
0.099609375,-0.0166015625,0.857177734375,0.0
0.13232421875,1.05712890625,0.314208984375,1.0
0.591064453125,0.302978515625,-0.976318359375,1.0
0.026611328125,0.012939453125,1.029296875,0.0
0.06591796875,-0.026611328125,1.022705078125,0.0
0.24072265625,-0.063232421875,1.01318359375,0.0
-0.031005859375,-0.022705078125,1.09130859375,0.0
0.5400390625,-0.208740234375,-1.1708984375,1.0
0.98876953125,-0.344970703125,-0.481689453125,1.0
0.212890625,0.92578125,1.922119140625,1.0
0.295166015625,-0.747802734375,0.872802734375,1.0
0.0693359375,-0.184814453125,0.73681640625,0.0
0.558349609375,-0.273193359375,0.3916015625,1.0
0.467041015625,-0.349609375,0.4892578125,1.0
0.245361328125,-0.012939453125,0.59619140625,0.0
0.06640625,-0.02734375,1.017578125,0.0
-0.400146484375,-0.216552734375,0.81787109375,1.0
0.88525390625,-0.27880859375,0.062255859375,1.0
0.178466796875,-0.6474609375,0.73828125,1.0
0.2958984375,0.720703125,0.578857421875,1.0
0.056884765625,-0.000244140625,1.0224609375,0.0
0.058349609375,0.01513671875,1.017822265625,0.0
0.848388671875,0.132568359375,-0.289306640625,1.0
0.242919921875,0.89990234375,0.656005859375,1.0
-0.593505859375,-0.162841796875,0.583251953125,1.0
0.04052734375,-0.004638671875,0.98095703125,0.0
0.481201171875,0.333984375,1.30859375,0.0
0.772216796875,-0.092041015625,0.239013671875,1.0
0.07568359375,0.020263671875,1.0703125,0.0
0.5087890625,1.18212890625,0.043212890625,1.0
0.055419921875,0.028076171875,1.08349609375,0.0
0.437255859375,-0.41748046875,0.640380859375,1.0
0.1962890625,0.010009765625,1.14013671875,0.0
0.189208984375,0.023193359375,1.403076171875,1.0
0.744140625,0.0439453125,-0.53271484375,1.0
-0.116943359375,-0.09521484375,0.803955078125,0.0
0.14453125,-0.034912109375,1.07080078125,0.0
0.268798828125,-0.513916015625,0.728759765625,1.0
0.888671875,-0.064697265625,-0.30126953125,1.0
0.5419921875,-0.510986328125,0.306884765625,1.0
0.820556640625,-0.04345703125,-0.887451171875,1.0
0.923583984375,-0.492919921875,1.330078125,1.0
0.896484375,-0.16357421875,1.2060546875,1.0
-0.402099609375,0.03076171875,0.98095703125,0.0
-0.54736328125,0.353759765625,1.035400390625,1.0
0.745361328125,-0.426025390625,-0.361572265625,1.0
-0.02685546875,0.08837890625,0.911376953125,0.0
0.14013671875,0.0224609375,1.0185546875,0.0
0.060791015625,-0.000244140625,1.025390625,0.0
-0.1396484375,-0.030029296875,1.016357421875,0.0
0.99365234375,0.114501953125,-0.913330078125,1.0
0.422119140625,1.015625,0.13916015625,1.0
0.069091796875,-0.025390625,1.004150390625,0.0
0.93798828125,0.076171875,-0.467041015625,1.0
0.235595703125,0.128173828125,0.951171875,1.0
0.30224609375,-0.01904296875,0.793701171875,0.0
-0.362060546875,-0.123046875,0.826171875,1.0
-0.0205078125,0.009521484375,1.001708984375,0.0
0.7431640625,-0.5927734375,0.681396484375,1.0
-0.148193359375,0.146728515625,1.1455078125,1.0
1.054931640625,-0.615478515625,-1.236083984375,1.0
0.482421875,-0.630126953125,0.19287109375,1.0
0.75390625,-0.279541015625,0.55029296875,1.0
0.021240234375,-0.052001953125,1.996337890625,0.0
0.35791015625,1.125732421875,0.427734375,1.0
0.566650390625,-0.302490234375,-0.3896484375,1.0
0.194580078125,-1.103515625,0.39990234375,1.0
-0.05810546875,-0.03369140625,0.9892578125,0.0
-0.064208984375,0.00732421875,1.00341796875,0.0
0.064697265625,-0.0283203125,1.01611328125,0.0
0.122802734375,-0.888427734375,0.405517578125,1.0
0.07421875,-0.781494140625,0.3466796875,1.0
0.4150390625,-0.0478515625,-1.203369140625,1.0
0.056640625,0.93310546875,-0.42724609375,1.0
0.339599609375,-0.005126953125,0.928466796875,0.0
0.077880859375,-0.05615234375,0.973876953125,0.0
0.867431640625,0.044189453125,-0.751953125,1.0
0.646728515625,0.024658203125,0.78564453125,1.0
-0.29150390625,-0.0517578125,1.051025390625,1.0
-0.42236328125,0.012451171875,1.10693359375,1.0
-0.070068359375,-0.1669921875,1.32470703125,1.0
-0.275390625,-0.157470703125,1.1025390625,1.0
0.578125,0.08349609375,0.75048828125,1.0
0.236083984375,0.92822265625,0.4560546875,1.0
0.772216796875,0.07421875,-0.54638671875,1.0
0.53662109375,-0.0205078125,-0.7431640625,1.0
0.69580078125,0.865478515625,0.007080078125,1.0
0.0908203125,0.001708984375,1.011474609375,0.0
0.41015625,0.976318359375,0.754150390625,1.0
0.49755859375,0.114013671875,0.44970703125,1.0
0.056640625,-0.0009765625,1.011474609375,0.0
-0.525146484375,-0.146484375,1.064208984375,1.0
0.08642578125,0.001953125,1.033935546875,0.0
0.03466796875,-0.045654296875,0.8759765625,0.0
-0.4521484375,-0.13525390625,1.060302734375,1.0
-0.179443359375,0.004638671875,1.0869140625,0.0
0.194091796875,-0.140380859375,0.299072265625,1.0
0.169921875,-0.201171875,0.479736328125,1.0
-0.302001953125,-0.151611328125,1.048828125,1.0
0.08056640625,0.008056640625,1.015625,0.0
0.32470703125,0.064697265625,1.490478515625,0.0
-0.059326171875,-0.018798828125,0.98876953125,0.0
0.9150390625,-0.386474609375,0.267333984375,1.0
0.8271484375,-0.219970703125,-0.422607421875,1.0
0.143798828125,0.01513671875,1.032470703125,0.0
0.138671875,0.4970703125,0.944580078125,1.0
0.028076171875,0.006103515625,1.024658203125,0.0
0.036865234375,0.0078125,1.119873046875,0.0
0.0556640625,0.053955078125,1.082275390625,0.0
0.47802734375,1.118408203125,0.425537109375,1.0
0.093505859375,-0.025146484375,1.006591796875,0.0
-0.0498046875,0.01513671875,1.044921875,0.0
0.138671875,0.040771484375,0.962158203125,0.0
-0.2021484375,-0.15771484375,1.427490234375,1.0
0.55908203125,-0.40283203125,1.224853515625,1.0
1.056884765625,0.109619140625,-1.037841796875,1.0
0.17041015625,0.006591796875,1.007568359375,0.0
0.078857421875,0.017333984375,1.076416015625,0.0
0.681884765625,0.139892578125,-0.4990234375,1.0
0.388427734375,0.0302734375,0.64990234375,1.0
0.059326171875,0.000244140625,1.017333984375,0.0
0.08544921875,0.209228515625,0.67041015625,1.0
-0.185546875,-0.366943359375,1.151611328125,1.0
0.218017578125,0.056640625,1.031005859375,0.0
0.1220703125,0.961669921875,-0.44189453125,1.0
0.035400390625,-0.0234375,1.026123046875,0.0
0.056884765625,0.01416015625,1.017578125,1.0
0.24365234375,0.130859375,1.263671875,0.0
0.143310546875,0.661865234375,0.648681640625,1.0
-0.09814453125,-0.074951171875,0.689697265625,0.0
-0.01611328125,-0.936767578125,0.3154296875,1.0
0.6982421875,0.08349609375,0.773681640625,1.0
0.874267578125,0.4921875,0.247802734375,1.0
0.19189453125,0.10986328125,1.172607421875,0.0
0.98828125,-0.032470703125,-0.70849609375,1.0
-0.079833984375,0.842529296875,-0.716064453125,1.0
-0.744140625,-0.030517578125,1.408203125,1.0
0.019287109375,-0.51318359375,0.971923828125,1.0
0.142333984375,0.01220703125,0.970458984375,0.0
0.0478515625,-0.13037109375,0.832275390625,1.0
-0.151611328125,-0.506103515625,1.064453125,1.0
0.289794921875,-0.94091796875,0.22607421875,1.0
0.05859375,-0.206298828125,1.0712890625,0.0
0.0048828125,0.029052734375,1.041015625,0.0
0.00830078125,-0.006591796875,1.03515625,0.0
0.1962890625,0.1318359375,1.3154296875,0.0
0.060546875,-0.005126953125,1.011962890625,1.0
0.35595703125,1.018798828125,0.49169921875,1.0
0.040771484375,0.333984375,1.478759765625,1.0
-0.02880859375,-0.043212890625,1.017333984375,0.0
0.009033203125,0.005615234375,1.139404296875,0.0
0.500732421875,-0.285400390625,1.01513671875,1.0
0.10791015625,-0.849365234375,0.35791015625,1.0
0.8701171875,-0.163330078125,0.71875,1.0
0.055908203125,-0.002685546875,1.017333984375,1.0
-0.268310546875,0.406005859375,1.1943359375,1.0
0.188232421875,-0.7255859375,1.10400390625,1.0
0.190185546875,0.07666015625,1.40673828125,1.0
0.019775390625,0.873291015625,-0.482421875,1.0
-0.207275390625,-0.030029296875,0.918212890625,0.0
0.1923828125,-0.41943359375,0.225830078125,1.0
0.799072265625,-0.4248046875,-0.09765625,1.0
0.71142578125,0.015380859375,-0.54052734375,1.0
0.083251953125,-0.9873046875,0.426513671875,1.0
0.05712890625,-0.000244140625,1.023681640625,1.0
0.254150390625,0.256591796875,0.603271484375,1.0
0.746337890625,0.407470703125,0.411865234375,1.0
0.21044921875,0.536376953125,0.765869140625,1.0
0.1728515625,-0.0126953125,0.9912109375,0.0
0.065185546875,-0.027587890625,1.011474609375,0.0
0.12646484375,-0.03662109375,0.833251953125,0.0
0.780029296875,-0.4658203125,0.213623046875,1.0
-0.00146484375,-0.01806640625,1.339111328125,0.0
0.05224609375,-0.004150390625,1.02197265625,1.0
-0.070068359375,0.25146484375,1.49609375,0.0
-0.052734375,-0.050048828125,1.60009765625,0.0
0.13330078125,-0.02587890625,1.12890625,1.0
0.19482421875,1.012939453125,-0.641845703125,1.0
0.45068359375,0.2275390625,0.581298828125,1.0
0.1181640625,-0.03955078125,1.008544921875,1.0
0.01611328125,0.0517578125,1.033447265625,0.0
0.02001953125,-0.141845703125,0.695068359375,0.0
0.279541015625,-0.421875,0.6962890625,1.0
0.083984375,0.001220703125,1.021240234375,0.0
-0.04833984375,-0.041259765625,1.075927734375,0.0
-0.05615234375,0.00634765625,1.114990234375,0.0
0.43798828125,-0.236572265625,0.8955078125,1.0
0.77734375,-0.34912109375,-0.323974609375,1.0
-0.0400390625,-0.00537109375,1.0234375,0.0
-0.619140625,-0.1123046875,1.390625,1.0
0.886962890625,-0.213134765625,0.515869140625,1.0
0.114990234375,-0.23974609375,0.910888671875,0.0
0.22412109375,0.05029296875,1.14306640625,0.0
0.664306640625,0.088623046875,0.784912109375,1.0
-0.083984375,-0.002197265625,0.9990234375,0.0
-0.612548828125,-0.089599609375,0.878662109375,1.0
0.129150390625,0.011474609375,1.060791015625,0.0
0.12353515625,-0.0126953125,0.99951171875,0.0
0.771728515625,-0.527099609375,-0.539794921875,1.0
0.643310546875,0.03076171875,0.740966796875,1.0
0.64892578125,0.0244140625,0.801025390625,1.0
0.056884765625,-0.002685546875,1.021240234375,0.0
0.173828125,0.01220703125,1.10498046875,0.0
0.7373046875,-0.213623046875,0.482421875,1.0
0.810791015625,-0.239990234375,-0.2373046875,1.0
0.01123046875,-0.000732421875,1.038330078125,0.0
0.041015625,0.0009765625,0.910888671875,0.0
0.350830078125,-0.1396484375,0.961181640625,1.0
0.067138671875,-0.379638671875,0.822021484375,1.0
0.20068359375,0.018310546875,0.8466796875,0.0
0.076171875,0.05859375,1.047119140625,0.0
-0.009521484375,-0.377197265625,0.447021484375,1.0
-0.112060546875,-0.002685546875,1.84716796875,1.0
0.109130859375,0.02783203125,1.080078125,0.0
0.17236328125,0.97900390625,0.84814453125,1.0
0.22216796875,-0.674072265625,1.090087890625,1.0
-0.214111328125,0.373046875,0.930419921875,1.0
0.736083984375,-0.18359375,-0.536376953125,1.0
0.06298828125,-0.04638671875,0.919921875,0.0
0.384765625,0.76416015625,0.148193359375,1.0
0.958984375,-0.086181640625,0.8427734375,1.0
0.560302734375,-0.131591796875,-0.505859375,1.0
0.169921875,0.49853515625,0.78466796875,1.0
0.0390625,-0.044677734375,1.006103515625,0.0
0.328857421875,-0.216796875,0.643310546875,1.0
0.3935546875,-0.24267578125,0.8427734375,1.0
0.06201171875,-0.00244140625,1.019287109375,1.0
0.27685546875,1.1171875,0.70263671875,1.0
0.14990234375,-0.27734375,0.96484375,1.0
0.0546875,0.001220703125,1.017822265625,1.0
-0.072509765625,-0.02880859375,0.911865234375,0.0
0.0693359375,-0.027587890625,1.02294921875,0.0
0.90869140625,-0.463623046875,-0.424072265625,1.0
0.565673828125,-0.468505859375,0.959716796875,1.0
0.712158203125,0.009521484375,0.69384765625,1.0
-0.08544921875,-0.2197265625,0.72412109375,1.0
0.047119140625,0.054443359375,1.3828125,0.0
0.633544921875,-0.640869140625,0.432861328125,1.0
-0.5283203125,-0.0654296875,1.16650390625,1.0
0.642578125,-0.59619140625,0.2236328125,1.0
0.896240234375,0.13330078125,-0.618408203125,1.0
0.10107421875,-0.000732421875,1.091796875,0.0
-0.113525390625,0.088623046875,0.720703125,0.0
0.077392578125,-0.021484375,0.933349609375,0.0
-0.8349609375,0.0068359375,0.660400390625,1.0
0.590087890625,0.03076171875,-1.176025390625,1.0
0.408447265625,0.20849609375,1.025390625,1.0
0.228271484375,-0.351318359375,0.91015625,1.0
-0.06884765625,0.0244140625,1.0908203125,0.0
0.01025390625,0.02392578125,0.71826171875,0.0
0.07763671875,0.761474609375,-0.191650390625,1.0
-0.1337890625,0.01025390625,0.818359375,0.0
0.74853515625,-0.12939453125,0.940185546875,1.0
0.12939453125,-0.028564453125,1.00244140625,0.0
-0.026611328125,0.102294921875,0.8466796875,1.0
0.986572265625,-0.58984375,-0.021240234375,1.0
0.050537109375,-0.003662109375,1.019775390625,0.0
-0.095703125,0.007568359375,0.902587890625,0.0
0.7578125,-0.397216796875,0.435302734375,1.0
0.05322265625,-0.00146484375,1.012939453125,1.0
0.061279296875,0.000244140625,1.01513671875,0.0
0.12841796875,0.865966796875,-0.286376953125,1.0
0.057373046875,-0.0556640625,0.898193359375,0.0
-0.04296875,0.289306640625,1.05517578125,1.0
-0.426513671875,0.56982421875,0.7998046875,1.0
0.119384765625,-0.1142578125,0.969482421875,0.0
0.055419921875,0.0009765625,1.018310546875,0.0
1.139892578125,-0.035400390625,0.137451171875,1.0
0.3974609375,-0.4169921875,0.33642578125,1.0
0.060302734375,-0.023193359375,1.01416015625,1.0
0.24951171875,0.134765625,1.117431640625,0.0
0.949951171875,-0.241943359375,-0.607421875,1.0
0.041259765625,0.71923828125,0.618896484375,1.0
0.41650390625,-0.244873046875,1.067626953125,1.0
0.493408203125,-0.210693359375,-1.04052734375,1.0
0.011962890625,0.04052734375,1.29052734375,0.0
1.017578125,0.12158203125,0.8515625,1.0
0.1572265625,1.141357421875,0.3759765625,1.0
-0.0302734375,0.04736328125,0.986572265625,0.0
-0.226318359375,0.71142578125,-0.529541015625,1.0
-0.97021484375,0.247802734375,-0.195556640625,1.0
0.102294921875,0.894775390625,0.793701171875,1.0
0.221923828125,1.017578125,-0.21240234375,1.0
-0.632568359375,0.353515625,0.197509765625,1.0
0.29150390625,-0.11474609375,0.724365234375,1.0
0.127685546875,-0.02587890625,1.0537109375,0.0
0.240966796875,0.1572265625,1.027099609375,1.0
0.236328125,1.07568359375,0.12646484375,1.0
0.380615234375,0.994873046875,0.238525390625,1.0
0.703857421875,0.19140625,0.607177734375,1.0
0.162109375,-0.009521484375,1.037841796875,1.0
0.049560546875,-0.166748046875,0.83056640625,0.0
0.051025390625,0.035400390625,0.978271484375,0.0
-0.024169921875,0.000244140625,1.01025390625,0.0
-0.043701171875,-0.23876953125,0.5966796875,1.0
0.13916015625,-0.02392578125,0.775146484375,1.0
0.42919921875,0.96533203125,0.30859375,1.0
-1.07373046875,0.152099609375,0.02880859375,1.0
0.218505859375,-0.033935546875,1.2607421875,0.0
-0.245849609375,0.008056640625,1.09521484375,0.0
0.123046875,0.013671875,0.804443359375,0.0
0.050048828125,-0.377197265625,1.0244140625,1.0
0.254638671875,-0.895263671875,0.29931640625,1.0
-0.30322265625,-0.34716796875,0.96533203125,1.0
0.282958984375,-0.643310546875,0.6591796875,1.0
0.16748046875,0.541015625,0.975341796875,1.0
0.49658203125,0.004638671875,-1.363037109375,1.0
0.0078125,0.10205078125,1.0419921875,0.0
0.0498046875,-0.000732421875,1.01513671875,0.0
-1.03466796875,0.177978515625,0.23388671875,1.0
0.05029296875,0.00244140625,1.027099609375,0.0
0.11474609375,-0.73779296875,0.709228515625,1.0
-0.05712890625,-0.0029296875,0.9931640625,0.0
0.35009765625,0.076171875,0.44873046875,1.0
1.003662109375,0.1083984375,-0.714111328125,1.0
0.9951171875,-0.0830078125,-0.170654296875,1.0
0.437744140625,-0.052734375,0.864013671875,1.0
0.67626953125,-0.159912109375,-0.6259765625,1.0
-0.70556640625,0.412841796875,1.1142578125,1.0
-0.720703125,-0.150146484375,0.9697265625,1.0
-0.07177734375,-0.058349609375,0.7314453125,1.0
0.003662109375,-0.177001953125,0.94580078125,0.0
0.0576171875,0.002197265625,1.008544921875,0.0
0.013671875,0.03125,1.045654296875,0.0
0.18994140625,-0.015380859375,0.533447265625,1.0
0.678955078125,-0.07177734375,-0.583251953125,1.0
0.103271484375,-0.18798828125,0.57666015625,1.0
0.0458984375,0.167724609375,0.5966796875,1.0
-0.04736328125,0.004638671875,1.04931640625,0.0
-0.06982421875,0.071044921875,1.0439453125,0.0
0.165771484375,0.067626953125,1.15087890625,0.0
0.3974609375,-0.179931640625,1.172607421875,1.0
1.1748046875,-0.7314453125,0.725341796875,1.0
-0.131103515625,-0.051025390625,0.754638671875,0.0
0.389404296875,0.079345703125,1.99993896484375,0.0
-0.50927734375,-0.169677734375,1.056884765625,0.0
0.368408203125,0.017333984375,1.09423828125,0.0
0.569091796875,0.06982421875,-0.986083984375,1.0
0.57080078125,-0.61474609375,-0.832275390625,1.0
0.008544921875,-0.292236328125,0.791748046875,1.0
-0.103515625,-0.119140625,0.845458984375,0.0
0.33642578125,-0.734130859375,0.673828125,1.0
0.676025390625,0.08544921875,0.753173828125,1.0
0.11376953125,0.404052734375,1.14892578125,1.0
0.26904296875,-0.03173828125,-1.1171875,1.0
-0.36474609375,0.64794921875,0.909423828125,1.0
0.835693359375,-0.454833984375,-0.34326171875,1.0
0.529296875,-0.540283203125,0.311279296875,1.0
-0.008056640625,0.18017578125,1.14794921875,0.0
0.34228515625,0.066650390625,1.25439453125,0.0
-0.108642578125,-0.176025390625,1.20458984375,1.0
-0.06494140625,-0.107666015625,0.584228515625,0.0
-0.003662109375,-0.27587890625,1.796630859375,1.0
0.24658203125,0.02001953125,1.125732421875,0.0
0.166259765625,-0.70751953125,0.765380859375,1.0
-0.002197265625,0.290283203125,1.002197265625,1.0
-0.0849609375,-0.012939453125,0.96044921875,0.0
-0.037353515625,0.01318359375,1.018310546875,0.0
0.053955078125,-0.002685546875,1.01611328125,1.0
0.084716796875,-0.066162109375,1.040771484375,0.0
-0.014404296875,0.012939453125,1.018798828125,0.0
0.607177734375,-0.0380859375,0.725830078125,1.0
0.479736328125,-0.74560546875,0.40478515625,1.0
-0.25634765625,0.03515625,1.1484375,1.0
0.171630859375,0.035888671875,1.263671875,0.0
0.95654296875,-0.01025390625,-0.71337890625,1.0
0.726318359375,-0.12890625,0.371826171875,1.0
-0.001953125,0.044677734375,1.027099609375,0.0
0.398193359375,-0.648193359375,0.539306640625,1.0
0.5126953125,0.185546875,-0.849365234375,1.0
-0.832275390625,0.083251953125,0.985595703125,1.0
0.0869140625,0.046875,1.047607421875,0.0
-0.080078125,0.02880859375,1.061279296875,0.0
0.0224609375,0.035888671875,1.097412109375,0.0
1.091064453125,0.01806640625,0.3896484375,1.0
-0.07861328125,-0.033203125,0.98046875,0.0
0.08154296875,-0.284423828125,1.08984375,0.0
0.7431640625,-0.363037109375,-0.601806640625,1.0
0.185302734375,-0.5,0.497314453125,1.0
0.193359375,0.952392578125,0.322998046875,1.0
0.100341796875,-0.04345703125,0.918212890625,0.0
-0.63818359375,-0.041259765625,0.8232421875,1.0
0.636962890625,-0.17919921875,0.80322265625,1.0
0.49462890625,-0.289306640625,0.680908203125,1.0
0.08349609375,-0.025146484375,1.122802734375,0.0
-0.072021484375,-0.002685546875,1.03759765625,0.0
0.262939453125,-0.250244140625,0.78759765625,1.0
0.01123046875,0.678955078125,0.92626953125,1.0
0.056396484375,-0.004150390625,1.014892578125,0.0
-0.11669921875,0.5126953125,0.890380859375,1.0
0.076904296875,0.00732421875,1.05517578125,0.0
0.122802734375,0.02392578125,0.58740234375,0.0
0.0546875,0.2900390625,1.115234375,1.0
-0.518798828125,-0.08447265625,1.38232421875,1.0
0.187744140625,-0.009765625,0.934326171875,0.0
-0.040771484375,-0.3349609375,0.953857421875,1.0
0.056396484375,0.00048828125,1.0107421875,1.0
-0.097900390625,-0.028076171875,1.173828125,0.0
0.056884765625,0.00048828125,1.019287109375,0.0
0.03271484375,0.008056640625,1.041259765625,0.0
0.48095703125,-0.554443359375,0.91455078125,1.0
0.1611328125,-0.03369140625,0.96044921875,1.0
0.396240234375,0.640380859375,0.55029296875,1.0
0.134765625,-0.066162109375,1.012939453125,0.0
0.169677734375,-0.543701171875,0.908203125,1.0
0.608154296875,0.4921875,-0.401123046875,1.0
0.0859375,-0.10888671875,1.00341796875,1.0
0.122314453125,0.48681640625,1.99993896484375,0.0
-0.850341796875,-0.22314453125,1.104248046875,1.0
0.25341796875,0.01416015625,1.13916015625,1.0
0.744873046875,0.420166015625,-0.264892578125,1.0
0.6533203125,-0.694091796875,0.032470703125,1.0
0.24609375,0.443603515625,0.701416015625,1.0
0.54833984375,0.068359375,-0.5166015625,1.0
0.012451171875,0.4990234375,0.984130859375,1.0
0.251953125,0.096923828125,0.569580078125,1.0
0.144775390625,-0.00634765625,0.97119140625,0.0
-0.07177734375,0.00927734375,0.980224609375,0.0
-0.06298828125,-0.08154296875,0.769775390625,0.0
0.629150390625,-0.472412109375,0.589111328125,1.0
0.2890625,-0.713134765625,1.22900390625,1.0
0.185302734375,-0.768310546875,0.424072265625,1.0
0.345947265625,0.13232421875,0.970458984375,1.0
0.141357421875,0.011474609375,1.038818359375,0.0
0.03759765625,0.002197265625,1.013671875,0.0
-0.044921875,0.068603515625,1.09375,0.0
0.086181640625,-0.009033203125,0.99658203125,0.0
0.3095703125,1.112548828125,0.224853515625,1.0
0.013427734375,0.04638671875,1.01904296875,0.0
0.08935546875,0.029052734375,0.941650390625,0.0
0.133544921875,0.51904296875,0.955322265625,1.0
0.461669921875,0.007080078125,1.026611328125,1.0
0.713623046875,0.542724609375,-0.322021484375,1.0
-0.05224609375,-0.00341796875,0.984130859375,0.0
0.052490234375,-0.001953125,1.022216796875,1.0
0.661865234375,-0.0126953125,-0.324951171875,1.0
0.204833984375,-0.01806640625,0.728759765625,0.0
-0.6787109375,0.228271484375,0.904052734375,1.0
0.035888671875,-0.010986328125,1.019287109375,0.0
0.051513671875,-0.02685546875,0.996826171875,0.0
1.0244140625,-0.3134765625,0.17041015625,1.0
-0.63330078125,0.48779296875,0.845947265625,1.0
0.043212890625,-0.4990234375,0.7353515625,1.0
-0.565673828125,0.374267578125,1.40869140625,1.0
0.592529296875,-0.154052734375,-0.72412109375,1.0
0.145751953125,0.0771484375,1.018310546875,0.0
0.10693359375,0.002685546875,1.002685546875,0.0
0.37109375,-0.80517578125,0.267333984375,1.0
0.113037109375,-0.33984375,0.51513671875,1.0
0.10107421875,0.012451171875,1.02685546875,0.0
0.68310546875,-0.02880859375,0.759765625,1.0
-0.318359375,0.311767578125,1.222900390625,1.0
-0.084716796875,0.24365234375,1.434326171875,0.0
-0.0439453125,-0.8564453125,0.50537109375,1.0
0.900390625,0.04296875,0.37353515625,1.0
0.835693359375,-0.359375,0.721435546875,1.0
0.06884765625,0.015625,1.087646484375,0.0
0.053466796875,0.0126953125,1.0302734375,0.0
0.125732421875,0.351806640625,0.89794921875,1.0
0.741943359375,-0.198974609375,0.314208984375,1.0
0.272216796875,0.92431640625,0.805419921875,1.0
-0.032958984375,0.006591796875,1.046875,0.0
-1.001953125,-0.11962890625,0.32470703125,1.0
0.799072265625,-0.171875,0.09716796875,1.0
0.124267578125,0.23876953125,0.892822265625,1.0
0.669189453125,0.142578125,0.84716796875,1.0
0.1953125,-0.005859375,0.8310546875,0.0
-0.263671875,-0.067138671875,0.962646484375,0.0
0.565185546875,0.109375,0.75732421875,1.0
-0.20849609375,-0.036865234375,0.633544921875,0.0
-0.1240234375,-0.169189453125,0.606201171875,0.0
0.885498046875,0.037353515625,-0.77294921875,1.0
1.0341796875,-0.370849609375,-0.08056640625,1.0
0.0439453125,-0.083251953125,1.100341796875,1.0
-0.046875,-0.323486328125,1.145751953125,1.0
-0.07861328125,0.001953125,1.00244140625,0.0
0.177490234375,-0.700927734375,0.784423828125,1.0
0.5791015625,-0.86474609375,0.387451171875,1.0
0.133056640625,-0.131591796875,1.511962890625,1.0
0.302734375,-0.305419921875,0.630126953125,1.0
-0.07568359375,-0.039794921875,0.99560546875,0.0
0.33447265625,0.02001953125,-0.58447265625,1.0
0.04541015625,-0.00537109375,1.347900390625,0.0
-0.235107421875,-0.530517578125,0.664794921875,1.0
-0.07373046875,0.975341796875,0.6513671875,1.0
0.124267578125,-0.031494140625,0.6376953125,1.0
0.098388671875,-0.00146484375,1.04443359375,0.0
-0.040283203125,-0.4375,0.80419921875,1.0
0.4501953125,-0.08935546875,0.99658203125,1.0
0.797607421875,-0.1513671875,0.2353515625,1.0
0.035400390625,-0.109619140625,0.7509765625,0.0
-0.23486328125,0.35498046875,1.210693359375,1.0
-0.06201171875,-0.052490234375,0.977783203125,0.0
0.119384765625,0.0615234375,1.16552734375,0.0
0.82421875,-0.140625,0.171630859375,1.0
1.251220703125,-0.71484375,0.102294921875,1.0
0.19677734375,-0.7919921875,0.528076171875,1.0
0.0888671875,0.00341796875,1.013916015625,0.0
0.053466796875,0.103759765625,1.005859375,1.0
0.198974609375,0.669921875,0.890869140625,1.0
0.60400390625,0.17578125,0.520751953125,1.0
0.0498046875,0.018798828125,1.150634765625,0.0
0.08154296875,0.294189453125,1.99993896484375,0.0
0.806884765625,-0.03173828125,-1.107177734375,1.0
0.565673828125,0.044921875,-0.895751953125,1.0
-0.021728515625,0.004638671875,0.9931640625,0.0
0.263427734375,-0.879150390625,0.3642578125,1.0
-0.182861328125,-0.144287109375,1.354248046875,1.0
0.223388671875,-0.1298828125,1.1884765625,0.0
-0.034423828125,0.007568359375,1.010009765625,0.0
0.3203125,0.42431640625,1.00732421875,1.0
-0.083984375,0.013671875,1.079833984375,1.0
0.20751953125,0.104248046875,0.947021484375,0.0
0.1787109375,-0.842041015625,0.37939453125,1.0
0.024658203125,-0.428466796875,1.087158203125,1.0
0.1708984375,1.05615234375,0.437255859375,1.0
-0.050537109375,-0.0283203125,1.0068359375,0.0
0.7373046875,-0.447998046875,0.65625,1.0
0.19921875,-0.871826171875,0.46142578125,1.0
-0.15185546875,-0.16064453125,0.693359375,1.0
0.4189453125,0.02294921875,0.568359375,0.0
-0.00830078125,0.029052734375,0.939697265625,0.0
0.95068359375,-0.365966796875,-0.484375,1.0
0.146484375,-0.07080078125,1.0751953125,0.0
0.656982421875,-0.2412109375,0.720947265625,1.0
-0.041015625,-0.07470703125,1.225830078125,1.0
-0.044189453125,0.15283203125,0.959716796875,0.0
0.131103515625,-0.041015625,0.994384765625,0.0
0.500732421875,-0.253173828125,0.98583984375,1.0
-0.094970703125,-0.140380859375,0.8515625,0.0
0.056640625,-0.0009765625,1.02001953125,0.0
0.11279296875,-0.07373046875,0.9189453125,0.0
-0.002197265625,0.10986328125,1.09716796875,0.0
0.08154296875,0.01123046875,1.037353515625,0.0
0.253173828125,0.00244140625,0.65185546875,0.0
0.664794921875,0.07421875,0.736572265625,1.0
-0.148681640625,-0.02490234375,0.411865234375,0.0
0.356201171875,-0.667236328125,0.46435546875,1.0
0.014892578125,0.049560546875,0.871826171875,0.0
0.291259765625,0.824951171875,0.740478515625,1.0
0.67236328125,0.03466796875,0.777587890625,1.0
0.1689453125,1.046630859375,0.318603515625,1.0
0.1767578125,0.263671875,0.7080078125,1.0
0.573486328125,0.70703125,1.107421875,1.0
0.08056640625,-0.935791015625,1.095947265625,1.0
0.033203125,0.003662109375,1.23876953125,0.0
-0.070068359375,-0.03271484375,0.840087890625,0.0
0.858154296875,-0.612548828125,1.079345703125,1.0
0.051513671875,-0.81884765625,0.466064453125,1.0
0.14453125,0.149658203125,0.899658203125,0.0
0.199462890625,0.016845703125,0.468505859375,0.0
-0.01708984375,0.06201171875,1.147216796875,0.0
0.067626953125,-0.0244140625,1.02783203125,0.0
0.406494140625,-0.00830078125,0.703369140625,1.0
0.228515625,0.1416015625,1.3388671875,0.0
0.560302734375,0.02294921875,0.5283203125,0.0
-0.014892578125,1.16748046875,1.08349609375,1.0
0.03955078125,0.0263671875,1.05810546875,0.0
0.01123046875,0.0,1.024169921875,1.0
-0.657470703125,-0.285888671875,1.341064453125,1.0
-0.631103515625,0.006103515625,0.715087890625,1.0
0.68017578125,-0.235595703125,-0.13525390625,1.0
0.415771484375,0.1328125,1.23388671875,1.0
0.130126953125,-0.03125,0.677734375,1.0
0.009033203125,-0.067138671875,1.00634765625,0.0
0.627685546875,-0.066650390625,0.366943359375,1.0
0.5380859375,-0.207275390625,0.96240234375,1.0
0.18310546875,-0.047119140625,1.25439453125,1.0
0.551513671875,-0.203857421875,-0.701171875,1.0
0.084716796875,-0.0478515625,1.0361328125,0.0
0.827880859375,-0.0791015625,0.62744140625,1.0
0.50390625,-0.25537109375,0.84716796875,1.0
0.504150390625,0.1708984375,1.06884765625,1.0
-0.193603515625,-0.422607421875,1.14599609375,1.0
0.070068359375,-0.28173828125,0.941650390625,1.0
0.0703125,0.018310546875,1.069580078125,0.0
0.05517578125,-0.00146484375,1.0244140625,0.0
0.027099609375,0.360595703125,0.6953125,1.0
0.180908203125,-0.013671875,0.98828125,1.0
0.930419921875,0.148681640625,0.2421875,1.0
0.530517578125,0.182373046875,1.362060546875,1.0
-0.66943359375,-0.16064453125,1.100341796875,1.0
0.52099609375,-0.199462890625,0.98779296875,1.0
-0.1767578125,0.49267578125,1.113037109375,1.0
0.363037109375,-0.576904296875,0.59326171875,1.0
-0.304443359375,0.316650390625,0.896240234375,1.0
0.088134765625,-0.02685546875,1.140380859375,0.0
0.128662109375,-0.013427734375,1.99993896484375,0.0
0.52587890625,-0.444580078125,1.45306396484375,1.0
0.76953125,-0.315185546875,0.810302734375,1.0
0.076416015625,-0.03955078125,0.807373046875,0.0
0.002685546875,-0.0615234375,0.94189453125,0.0
-0.0478515625,-0.191162109375,0.633056640625,0.0
0.13818359375,-0.6396484375,0.61865234375,1.0
0.1884765625,-0.000732421875,1.056884765625,0.0
0.6142578125,-0.106689453125,0.87646484375,1.0
0.196044921875,-0.62744140625,0.454833984375,1.0
-0.111328125,-0.09814453125,0.5205078125,1.0
0.192626953125,-0.001953125,1.083740234375,0.0
0.1474609375,1.05078125,0.20166015625,1.0
0.085693359375,0.014892578125,1.033935546875,0.0
0.50537109375,-0.447998046875,0.576171875,1.0
0.096435546875,0.672607421875,0.520751953125,1.0
0.645751953125,0.0361328125,0.7939453125,1.0
0.18212890625,0.010009765625,1.26171875,0.0
-0.03466796875,-0.0419921875,0.900390625,1.0
0.099609375,0.039306640625,1.060546875,0.0
1.08544921875,-0.24951171875,0.150634765625,1.0
-0.572509765625,-0.0947265625,1.066162109375,1.0
0.058349609375,-0.001220703125,1.016845703125,0.0
0.01220703125,0.003662109375,1.06396484375,0.0
0.029052734375,-0.061279296875,1.08642578125,0.0
0.057861328125,-0.00146484375,1.015625,0.0
0.331298828125,0.879150390625,0.776123046875,1.0
1.058349609375,-0.212646484375,0.322509765625,1.0
0.18115234375,0.05615234375,1.054443359375,0.0
0.054443359375,-0.002685546875,1.01171875,1.0
0.17822265625,1.00048828125,-0.160400390625,1.0
0.064697265625,0.00390625,1.09521484375,0.0
0.052734375,0.013916015625,1.0185546875,0.0
0.596923828125,-0.03125,0.9814453125,1.0
0.1142578125,0.912841796875,-0.208740234375,1.0
-0.202392578125,0.446533203125,1.32666015625,1.0
0.055419921875,-0.001220703125,1.013427734375,1.0
0.7421875,0.498046875,-0.453125,1.0
0.43994140625,0.5244140625,0.767578125,1.0
1.2890625,-0.48876953125,-0.05859375,1.0
0.068115234375,-0.017578125,0.990966796875,0.0
-0.0087890625,-0.026611328125,1.00732421875,0.0
-0.298095703125,-0.4912109375,1.0087890625,1.0
0.97314453125,-0.209228515625,0.045166015625,1.0
0.187744140625,0.014404296875,1.1328125,0.0
0.052490234375,-0.068359375,0.880126953125,1.0
-0.055419921875,0.02587890625,0.806884765625,0.0
-0.06689453125,-0.091552734375,0.68994140625,0.0
0.953857421875,-0.5078125,0.7734375,1.0
0.779052734375,-0.43798828125,0.35498046875,1.0
-0.35546875,-0.2880859375,0.939453125,1.0
0.154296875,0.005615234375,0.980224609375,0.0
-0.041259765625,0.006103515625,1.007080078125,0.0
0.7744140625,-0.4423828125,1.07861328125,1.0
0.311767578125,1.1611328125,0.800048828125,1.0
-0.137939453125,-0.429443359375,1.18505859375,1.0
0.017578125,-0.126708984375,0.76416015625,0.0
0.3427734375,0.033447265625,-1.015380859375,1.0
-0.016845703125,0.0185546875,1.0546875,0.0
0.004150390625,0.015625,1.107177734375,0.0
0.00732421875,-0.0078125,1.05712890625,0.0
1.104248046875,-0.226318359375,-0.24462890625,1.0
0.35595703125,0.79052734375,0.622802734375,1.0
0.780517578125,0.039794921875,-0.36865234375,1.0
0.208984375,-0.156005859375,0.61767578125,1.0
0.061767578125,-0.002197265625,1.02685546875,0.0
0.26318359375,0.082275390625,0.647216796875,1.0
0.022216796875,0.8818359375,0.86376953125,1.0
-0.018798828125,0.004638671875,0.871826171875,0.0
0.251953125,-0.820556640625,0.944580078125,1.0
0.19287109375,0.01025390625,1.042236328125,0.0
0.054931640625,-0.0078125,1.031005859375,1.0
1.037353515625,0.276123046875,-0.2685546875,1.0
0.197265625,-0.3779296875,1.02783203125,1.0
0.97412109375,-0.416259765625,0.2607421875,1.0
0.833251953125,-0.07421875,-0.00634765625,1.0
0.03369140625,0.00146484375,1.043212890625,0.0
0.4111328125,-0.042724609375,0.921875,1.0
0.0654296875,-0.0263671875,1.011474609375,0.0
0.30810546875,0.04150390625,0.661865234375,1.0
0.945556640625,0.061279296875,-0.333984375,1.0
0.099609375,0.000244140625,0.962158203125,0.0
0.18798828125,-0.39794921875,1.584228515625,1.0
0.10302734375,-0.740966796875,0.57275390625,1.0
0.111328125,-0.00732421875,1.008056640625,0.0
-0.083251953125,0.198974609375,1.185546875,0.0
0.041259765625,-0.05615234375,1.11572265625,0.0
0.057861328125,0.0068359375,1.028564453125,0.0
0.77587890625,-0.2236328125,-0.600830078125,1.0
-0.48193359375,-0.20849609375,0.97412109375,1.0
0.910400390625,-0.51220703125,0.44482421875,1.0
0.77294921875,-0.0322265625,0.71630859375,1.0
-0.08984375,-0.0146484375,0.998291015625,0.0
0.050048828125,0.022216796875,1.097900390625,0.0
0.569091796875,0.933837890625,0.80908203125,1.0
0.036865234375,0.014892578125,1.152587890625,0.0
-0.80029296875,0.11083984375,0.937744140625,1.0
0.280517578125,0.010009765625,1.193603515625,0.0
-0.133544921875,-0.236083984375,1.04931640625,1.0
0.064453125,-0.023193359375,0.878662109375,0.0
-0.008544921875,-0.14453125,0.8564453125,0.0
0.067626953125,-0.00830078125,1.096923828125,0.0
0.05419921875,0.003662109375,1.017822265625,0.0
0.34912109375,-0.918212890625,0.3076171875,1.0
-0.00390625,0.00830078125,1.000732421875,0.0
0.829345703125,-0.077392578125,0.076904296875,1.0
0.2431640625,-0.69921875,0.647216796875,1.0
0.22998046875,1.0625,0.03125,1.0
0.14892578125,0.205810546875,-1.072509765625,1.0
-0.06201171875,1.01171875,-0.1396484375,1.0
0.0361328125,-0.00537109375,1.052490234375,0.0
-0.62744140625,-0.3349609375,1.372802734375,1.0
0.26708984375,0.845703125,0.859130859375,1.0
0.061279296875,-0.001708984375,1.008544921875,0.0
-0.053466796875,-0.147705078125,0.977783203125,0.0
-0.01611328125,-0.073974609375,0.90185546875,0.0
0.430419921875,-0.03271484375,0.637451171875,1.0
-0.02734375,0.130859375,1.171630859375,0.0
0.066650390625,-0.025390625,1.017822265625,0.0
1.11767578125,-0.028076171875,-0.11474609375,1.0
0.069580078125,-0.02783203125,1.014892578125,0.0
0.132080078125,0.04052734375,0.6787109375,1.0
-0.016357421875,-0.07958984375,0.706298828125,0.0
0.91162109375,-0.418701171875,0.43017578125,1.0
0.138916015625,0.310302734375,1.000244140625,1.0
-0.04931640625,0.058837890625,0.847900390625,1.0
-0.436767578125,0.759033203125,-0.480712890625,1.0
0.024169921875,-0.45068359375,0.693359375,1.0
-0.02294921875,0.0927734375,1.112060546875,0.0
0.2880859375,-0.082275390625,0.759521484375,1.0
0.120849609375,-0.0009765625,1.052490234375,0.0
0.084228515625,1.06201171875,0.407470703125,1.0
0.058837890625,-0.001953125,1.012939453125,1.0
0.724609375,0.12255859375,-0.04638671875,1.0
0.204345703125,0.945068359375,0.31103515625,1.0
0.560546875,0.052490234375,0.975830078125,1.0
0.039794921875,0.0029296875,1.013427734375,0.0
0.80078125,-0.49755859375,0.6572265625,1.0
-0.09326171875,-0.06591796875,0.71826171875,0.0
0.542724609375,0.508544921875,0.604248046875,0.0
0.16650390625,-0.621826171875,0.782470703125,1.0
-0.25830078125,-0.267333984375,1.1982421875,1.0
0.21142578125,-0.017333984375,0.82373046875,0.0
0.059814453125,-0.0087890625,1.029052734375,0.0
-0.132568359375,-0.013671875,1.028564453125,0.0
0.061279296875,-0.001953125,1.016357421875,1.0
-0.086181640625,-0.0185546875,0.99560546875,0.0
0.060791015625,0.0009765625,1.0185546875,0.0
0.167724609375,0.818359375,0.40087890625,1.0
0.05029296875,-0.001953125,1.00146484375,0.0
0.082275390625,-0.138671875,0.9658203125,1.0
0.266845703125,-0.590087890625,-0.8310546875,1.0
0.17431640625,-0.146240234375,1.38818359375,1.0
-0.10791015625,-0.1826171875,0.763671875,0.0
-0.736083984375,-0.203369140625,0.470458984375,1.0
0.21435546875,-0.8271484375,0.345703125,1.0
-0.040771484375,0.97509765625,0.908203125,1.0
-0.906494140625,-0.029541015625,0.1767578125,1.0
0.11279296875,-0.154296875,0.91943359375,1.0
0.14794921875,-0.361572265625,-0.865234375,1.0
0.057373046875,-0.573974609375,0.8564453125,1.0
0.3056640625,-0.615478515625,0.612548828125,1.0
0.05810546875,-0.037109375,1.027587890625,0.0
0.177490234375,-0.031982421875,0.958984375,0.0
0.017333984375,0.0029296875,1.017333984375,0.0
0.10400390625,-0.023681640625,0.462158203125,1.0
0.06201171875,-0.00244140625,1.021728515625,0.0
0.546630859375,-0.164306640625,0.05419921875,1.0
0.646728515625,-0.515869140625,0.3837890625,1.0
0.050537109375,-0.000732421875,1.016357421875,0.0
-0.010498046875,-0.052001953125,0.93359375,0.0
-0.084716796875,-0.02392578125,0.992431640625,0.0
-0.51318359375,-0.01416015625,1.42724609375,1.0
-0.077392578125,-0.10302734375,0.697265625,0.0
0.56591796875,-0.0263671875,-0.39306640625,1.0
0.027587890625,-0.792236328125,0.437255859375,1.0
0.306396484375,-0.422119140625,0.638427734375,1.0
-0.138427734375,-0.14599609375,0.66943359375,0.0
-0.029541015625,-0.444091796875,1.1376953125,1.0
0.985595703125,-0.435546875,0.241943359375,1.0
0.06298828125,-0.005615234375,1.0234375,0.0
0.174072265625,0.149658203125,0.98974609375,0.0
0.6962890625,0.076416015625,0.750732421875,1.0
-0.064208984375,0.081787109375,1.267333984375,0.0
-0.032958984375,-0.27880859375,0.21728515625,0.0
0.058837890625,-0.015625,1.018310546875,0.0
-0.40771484375,-0.100830078125,0.920654296875,1.0
0.10986328125,1.164794921875,0.308837890625,1.0
0.122802734375,-0.679443359375,0.775390625,1.0
-0.55712890625,-0.103271484375,0.85498046875,1.0
-0.0341796875,0.002685546875,1.010986328125,0.0
-0.39501953125,-0.2763671875,0.937255859375,1.0
0.276611328125,1.024658203125,0.55029296875,1.0
0.14111328125,0.037841796875,1.070556640625,0.0
-0.136474609375,-0.021728515625,0.923095703125,0.0
0.08984375,0.58837890625,0.956787109375,1.0
0.176025390625,-0.00927734375,0.952880859375,0.0
0.053466796875,-0.000732421875,1.01904296875,0.0
0.05908203125,0.001220703125,1.024658203125,0.0
-0.689453125,0.443115234375,0.738037109375,1.0
0.805419921875,-0.33984375,0.458251953125,1.0
0.685302734375,0.0625,0.776123046875,1.0
0.82275390625,-0.009521484375,-0.675537109375,1.0
0.754638671875,-0.212158203125,-0.480224609375,1.0
0.0947265625,-0.093017578125,0.99365234375,0.0
0.427978515625,-0.19775390625,-0.593994140625,1.0
0.104736328125,-0.08251953125,0.574951171875,1.0
0.07080078125,0.08642578125,1.349365234375,0.0
0.3544921875,-0.1201171875,0.81005859375,1.0
-0.939208984375,-0.03857421875,0.974365234375,1.0
0.031005859375,-0.045654296875,0.6552734375,0.0
1.20068359375,-0.193359375,0.0029296875,1.0
0.723388671875,0.665283203125,0.42333984375,1.0
0.295654296875,-0.017578125,1.03076171875,1.0
-0.033935546875,-0.62353515625,0.726806640625,1.0
0.048828125,-0.033447265625,0.69921875,1.0
0.1572265625,1.018310546875,0.41748046875,1.0
0.069580078125,-0.0244140625,1.01220703125,0.0
0.05224609375,-0.010009765625,1.019287109375,0.0
-0.1064453125,0.004150390625,0.942138671875,0.0
0.96875,-0.075927734375,-0.219970703125,1.0
0.143798828125,0.00927734375,1.069580078125,0.0
0.853271484375,-0.47705078125,0.82958984375,1.0
-0.0771484375,0.91259765625,0.884521484375,1.0
0.456787109375,-0.052001953125,-0.77490234375,1.0
1.114013671875,-0.208251953125,-0.006591796875,1.0
0.01904296875,0.0234375,0.593017578125,1.0
0.281494140625,0.353759765625,-0.682373046875,1.0
0.130859375,0.000732421875,1.05859375,0.0
0.057373046875,-0.0048828125,1.016845703125,0.0
0.32275390625,-0.046875,0.80712890625,0.0
0.274169921875,0.00634765625,0.999755859375,0.0
0.0859375,-0.000244140625,1.019287109375,0.0
-0.086669921875,-0.0517578125,1.010498046875,0.0
0.053466796875,-0.003662109375,1.030517578125,1.0
0.1259765625,1.155029296875,0.3447265625,1.0
0.984375,0.097412109375,-0.281494140625,1.0
0.058349609375,0.001220703125,1.0078125,0.0
0.739501953125,-0.214599609375,0.144287109375,1.0
-0.03955078125,-0.22216796875,0.31005859375,0.0
0.6494140625,-0.585205078125,0.588134765625,1.0
0.060546875,0.794677734375,-0.333740234375,1.0
0.101806640625,-0.015869140625,1.038330078125,0.0
-0.017822265625,0.006591796875,1.0205078125,0.0
0.502685546875,-0.696533203125,0.533447265625,1.0
0.118896484375,0.871337890625,1.035888671875,1.0
0.416259765625,-0.58935546875,0.43359375,1.0
0.358154296875,1.148193359375,0.166015625,1.0
0.26953125,-0.801025390625,0.3505859375,1.0
-0.14208984375,-0.185546875,1.1513671875,1.0
0.04052734375,-0.948974609375,0.436767578125,1.0
0.112548828125,-0.1552734375,0.997314453125,1.0
0.59521484375,-0.110107421875,0.7470703125,1.0
-0.53564453125,-0.164794921875,1.354736328125,1.0
0.262451171875,-0.074462890625,-1.015380859375,1.0
0.05615234375,-0.0009765625,1.0126953125,0.0
0.04150390625,-0.6240234375,0.8544921875,1.0
-0.037353515625,-0.049072265625,1.041015625,0.0
-0.047119140625,-0.01123046875,0.945068359375,0.0
-0.088623046875,0.423095703125,1.16552734375,1.0
0.111328125,-0.012939453125,1.03466796875,0.0
0.0908203125,0.007080078125,1.036376953125,0.0
-0.0029296875,0.021728515625,1.013671875,0.0
0.12451171875,-0.005859375,1.037353515625,0.0
0.052978515625,-0.001220703125,1.01318359375,0.0
0.08837890625,-0.099609375,0.853515625,0.0
-0.163818359375,-0.113037109375,0.9541015625,0.0
0.560546875,-0.40380859375,0.62451171875,1.0
0.648193359375,-0.60791015625,0.076171875,1.0
-0.017333984375,0.935546875,-0.27294921875,1.0
-0.4228515625,0.206298828125,1.1484375,1.0
0.70947265625,0.039794921875,0.850341796875,1.0
0.806884765625,0.0341796875,-0.46044921875,1.0
0.263427734375,0.72998046875,0.974853515625,1.0
0.133056640625,-0.844482421875,0.398193359375,1.0
0.9091796875,-0.22265625,0.248291015625,1.0
0.884765625,0.574951171875,0.545654296875,0.0
0.115966796875,0.02001953125,1.03857421875,0.0
0.09814453125,0.016357421875,0.923828125,0.0
0.05029296875,-0.037353515625,0.860107421875,0.0
0.426513671875,-0.941650390625,-0.203857421875,1.0
0.818603515625,-0.13720703125,0.6728515625,1.0
0.4443359375,0.83544921875,0.44580078125,1.0
0.047119140625,-0.0029296875,1.0205078125,0.0
-0.117431640625,0.0224609375,0.90869140625,0.0
0.66845703125,-0.15087890625,-0.82568359375,1.0
0.015380859375,-0.100341796875,0.9482421875,0.0
-0.20263671875,-0.0634765625,0.734375,0.0
0.127685546875,0.001708984375,1.015380859375,0.0
0.05078125,0.942138671875,-0.207275390625,1.0
0.680908203125,-0.037353515625,1.07568359375,1.0
-0.079345703125,-0.060791015625,1.0458984375,0.0
0.668212890625,0.02880859375,0.79150390625,1.0
-0.039794921875,-0.011962890625,0.965087890625,0.0
-0.058349609375,-0.145751953125,0.92626953125,1.0
0.17626953125,-0.2578125,0.762939453125,1.0
-0.829345703125,-0.126708984375,0.98583984375,1.0
0.27001953125,0.25,1.239990234375,1.0
-0.007568359375,0.011474609375,1.0322265625,0.0
0.864013671875,0.084716796875,0.830810546875,1.0
0.479736328125,0.301025390625,1.050048828125,1.0
0.013916015625,-0.693359375,0.42431640625,1.0
0.057373046875,-0.765380859375,0.354248046875,1.0
0.0537109375,-0.015625,1.019775390625,1.0
0.001708984375,0.00146484375,1.068603515625,0.0
-0.287841796875,-0.194091796875,0.986328125,1.0
0.08056640625,-0.005126953125,0.99267578125,0.0
0.3203125,-0.787841796875,0.40185546875,1.0
0.840576171875,-0.403564453125,0.288330078125,1.0
-0.034912109375,-0.248291015625,1.13330078125,1.0
0.467529296875,-0.105224609375,0.748291015625,1.0
0.101806640625,-0.5185546875,1.1748046875,1.0
0.730224609375,-0.015380859375,-0.6064453125,1.0
0.12548828125,0.379150390625,1.013916015625,1.0
-0.142333984375,-0.106689453125,1.485595703125,0.0
-0.053466796875,0.044189453125,0.9541015625,0.0
0.025146484375,-0.120361328125,0.721435546875,0.0
0.049072265625,-0.033935546875,1.0361328125,0.0
0.056640625,0.000244140625,1.01904296875,0.0
0.412353515625,0.038818359375,-1.034912109375,1.0
0.393310546875,0.077392578125,0.823974609375,1.0
0.00439453125,-0.09619140625,1.01708984375,0.0
-0.061767578125,-0.015869140625,1.0263671875,0.0
0.059326171875,0.002197265625,1.0234375,0.0
-0.093505859375,-0.134765625,1.099365234375,0.0
0.144775390625,0.134033203125,1.154541015625,1.0
0.7685546875,-0.2548828125,-0.591064453125,1.0
-0.336181640625,-0.4755859375,0.970458984375,1.0
0.0791015625,0.0126953125,1.002685546875,0.0
0.486328125,1.067626953125,-0.0908203125,1.0
0.555419921875,0.0693359375,0.4462890625,1.0
0.080078125,1.041015625,0.107177734375,1.0
0.05029296875,0.000732421875,1.014892578125,1.0
0.446533203125,-0.672607421875,0.41552734375,1.0
0.066162109375,0.009033203125,1.06201171875,0.0
-0.1064453125,-0.0888671875,0.50634765625,0.0
-0.11669921875,-0.02587890625,1.126220703125,0.0
0.053466796875,-0.072998046875,1.024658203125,0.0
0.8134765625,0.09716796875,-0.752197265625,1.0
0.072998046875,1.242431640625,0.601806640625,1.0
0.634765625,0.03515625,0.783203125,1.0
-0.16259765625,-0.33251953125,1.01953125,1.0
-0.21875,-0.32177734375,0.744873046875,1.0
0.052734375,-0.008056640625,1.027099609375,0.0
0.0654296875,0.014892578125,1.046630859375,0.0
0.93603515625,-0.65966796875,-0.455322265625,1.0
-0.010009765625,-0.837158203125,0.621826171875,1.0
0.037353515625,0.001953125,1.01806640625,0.0
0.00244140625,0.95947265625,-0.42626953125,1.0
0.31787109375,-0.177001953125,0.793212890625,1.0
-0.120849609375,0.124267578125,1.15380859375,1.0
-0.087890625,0.328857421875,1.2646484375,1.0
0.111083984375,1.0302734375,0.412841796875,1.0
0.4912109375,-0.466552734375,0.915771484375,1.0
0.07666015625,0.00146484375,1.0107421875,0.0
0.065673828125,-0.02783203125,1.01904296875,0.0
0.580078125,0.33740234375,0.90185546875,1.0
0.13427734375,-0.056396484375,0.948974609375,0.0
0.052734375,-0.003173828125,1.01171875,0.0
0.68701171875,0.72998046875,-0.31103515625,1.0
0.262451171875,-0.06298828125,0.95947265625,0.0
-0.181396484375,-0.3623046875,1.2412109375,1.0
1.088134765625,-0.42919921875,-1.11474609375,1.0
-0.001708984375,0.447998046875,1.20263671875,1.0
1.037109375,-0.3779296875,-0.156494140625,1.0
-0.033203125,0.0205078125,1.219970703125,0.0
-0.144287109375,-0.139404296875,0.88232421875,0.0
-0.07763671875,-0.073974609375,1.06103515625,1.0
-0.385498046875,0.26220703125,1.337890625,1.0
0.1923828125,0.708984375,0.80712890625,1.0
0.1064453125,0.024658203125,1.05322265625,0.0
0.0947265625,0.06201171875,1.30908203125,1.0
0.39501953125,-0.1689453125,1.199462890625,1.0
-0.178955078125,0.843994140625,-0.59130859375,1.0
0.650634765625,0.03271484375,0.80322265625,1.0
-0.003662109375,0.025634765625,1.02392578125,0.0
0.19580078125,-0.03955078125,1.052001953125,0.0
0.27978515625,0.0029296875,0.82080078125,0.0
0.103759765625,0.66357421875,0.820068359375,1.0
-0.090087890625,0.600830078125,0.962646484375,1.0
0.095703125,0.003662109375,1.01953125,0.0
0.03564453125,-0.010498046875,0.9697265625,0.0
0.477294921875,-0.517822265625,0.548583984375,1.0
0.3876953125,0.011962890625,1.48681640625,0.0
0.36376953125,-0.180908203125,0.3662109375,1.0
1.108154296875,-0.2685546875,-0.030029296875,1.0
0.27490234375,-0.10205078125,-1.026611328125,1.0
-0.031494140625,-0.0185546875,1.0126953125,0.0
0.5927734375,-0.65576171875,0.5546875,1.0
-0.091064453125,0.00341796875,0.984619140625,0.0
0.05517578125,-0.00537109375,1.022705078125,1.0
0.053955078125,-0.00146484375,1.01611328125,0.0
0.63818359375,-0.6435546875,0.4443359375,1.0
-0.0576171875,0.892822265625,0.501708984375,1.0
-0.138916015625,-0.247802734375,1.205322265625,1.0
0.216064453125,-0.339599609375,-0.182373046875,1.0
-0.06005859375,-0.153564453125,0.770751953125,1.0
0.111572265625,0.00732421875,0.974365234375,0.0
0.222900390625,-0.757568359375,0.747314453125,1.0
-0.139892578125,-0.693115234375,0.865478515625,1.0
0.637451171875,0.941162109375,0.588623046875,1.0
0.574462890625,-0.283935546875,0.032470703125,1.0
-0.028076171875,0.9833984375,0.421875,1.0
0.794189453125,-0.670654296875,-0.263427734375,1.0
0.48193359375,0.3740234375,0.802734375,1.0
0.056884765625,-0.005615234375,1.01123046875,0.0
-0.000244140625,0.0439453125,1.003173828125,0.0
0.267578125,-0.0029296875,1.020751953125,0.0
0.059326171875,-0.0048828125,1.010009765625,0.0
-0.5849609375,-0.00927734375,1.08349609375,1.0
0.082763671875,0.044677734375,0.9990234375,0.0
0.66796875,0.13134765625,-1.10986328125,1.0
0.898681640625,-0.39501953125,0.42822265625,1.0
0.677001953125,0.008056640625,-0.318603515625,1.0
0.213134765625,0.88720703125,1.12548828125,1.0
-0.110595703125,-0.33349609375,0.859375,1.0
0.005615234375,1.31884765625,0.136962890625,1.0
0.060791015625,0.000732421875,1.0166015625,0.0
0.8564453125,-0.552734375,-0.32275390625,1.0
0.505859375,0.19677734375,0.703125,1.0
-0.04052734375,-0.472412109375,0.5791015625,1.0
0.047119140625,-0.00390625,1.02001953125,0.0
0.896484375,-0.259765625,0.64892578125,1.0
0.96728515625,-0.16845703125,0.085205078125,1.0
0.190185546875,0.07666015625,1.40673828125,1.0
0.243896484375,-0.465576171875,0.54443359375,1.0
0.074462890625,0.0361328125,0.9892578125,0.0
-0.0087890625,-0.033203125,1.001220703125,0.0
0.0556640625,0.00048828125,1.01904296875,1.0
0.16552734375,-0.445556640625,0.94775390625,1.0
0.1923828125,-0.08154296875,1.453125,1.0
0.02197265625,-0.263427734375,0.50439453125,0.0
0.631103515625,0.146728515625,-0.507080078125,1.0
0.263427734375,0.884765625,0.4970703125,1.0
-0.258544921875,0.071533203125,0.973876953125,1.0
0.309326171875,1.060791015625,0.7685546875,1.0
0.0625,-0.00927734375,0.981689453125,0.0
0.587158203125,-0.85107421875,0.02392578125,1.0
0.291259765625,1.028076171875,0.529541015625,1.0
0.0556640625,0.02392578125,1.191162109375,0.0
0.13623046875,0.874755859375,1.08056640625,1.0
0.6533203125,-0.00830078125,-1.029296875,1.0
0.048828125,-0.465576171875,0.48681640625,1.0
0.088134765625,0.107177734375,0.92041015625,0.0
0.249755859375,0.642333984375,1.1748046875,1.0
0.580078125,-0.010986328125,-0.79541015625,1.0
0.21337890625,-0.0859375,0.7783203125,1.0
0.079345703125,-0.5078125,1.02734375,1.0
0.47900390625,-0.169677734375,1.074951171875,1.0
0.8310546875,-0.1533203125,-0.6455078125,1.0
0.507568359375,-0.6298828125,0.4931640625,1.0
0.3740234375,0.422607421875,1.0244140625,1.0
0.73291015625,-0.16015625,-0.08056640625,1.0
-0.0107421875,-0.010498046875,0.480712890625,0.0
0.05517578125,-0.539794921875,0.898193359375,1.0
0.16455078125,-0.02587890625,1.190673828125,0.0
0.34033203125,0.015625,0.720703125,1.0
0.661865234375,0.10546875,0.7412109375,1.0
0.09375,0.05810546875,1.05322265625,0.0
0.072265625,-0.056396484375,1.13330078125,0.0
0.053466796875,-0.003173828125,1.0185546875,1.0
-0.05859375,-0.044189453125,0.983642578125,0.0
0.00048828125,-0.716064453125,0.4248046875,1.0
0.186767578125,0.82470703125,0.310546875,1.0
0.064208984375,-0.00732421875,1.0537109375,0.0
0.080078125,0.01025390625,0.98876953125,0.0
-0.462890625,-0.0615234375,1.163330078125,1.0
1.015869140625,-0.088134765625,0.196044921875,1.0
0.02978515625,-0.462158203125,0.9033203125,1.0
-0.069580078125,0.00439453125,0.9716796875,0.0
0.17529296875,-0.0029296875,1.12060546875,0.0
0.447509765625,0.015869140625,-1.06298828125,1.0
0.154052734375,-0.365966796875,0.689453125,1.0
0.078369140625,-0.054443359375,0.566650390625,0.0
0.136962890625,0.0595703125,1.22021484375,0.0
0.05859375,0.010498046875,1.027587890625,0.0
0.470947265625,-0.135986328125,0.573486328125,1.0
0.703125,0.28857421875,0.275390625,1.0
0.599853515625,-0.55712890625,-0.02880859375,1.0
0.015380859375,0.06103515625,1.03515625,0.0
0.623291015625,-0.1494140625,-0.811279296875,1.0
0.628662109375,-0.307861328125,0.472412109375,1.0
0.761962890625,-0.2294921875,0.544189453125,1.0
0.14892578125,-0.03125,1.106201171875,0.0
-0.097900390625,0.070068359375,0.944091796875,0.0
0.146240234375,-0.12890625,0.486083984375,1.0
0.09130859375,0.00732421875,1.015380859375,0.0
-0.075927734375,0.512939453125,1.06103515625,1.0
0.05810546875,-0.003173828125,1.017822265625,0.0
0.009033203125,-0.005859375,0.97509765625,0.0
0.015380859375,0.901123046875,-0.408447265625,1.0
0.853515625,-0.2373046875,0.14013671875,1.0
0.19482421875,-0.71337890625,0.247314453125,1.0
0.43896484375,-0.712890625,0.6845703125,1.0
0.7412109375,-0.134521484375,1.008544921875,1.0
0.06787109375,0.007568359375,0.99462890625,1.0
0.649658203125,-0.46240234375,0.58203125,1.0
-0.085205078125,0.015869140625,0.962158203125,0.0
-0.064208984375,0.09228515625,1.17578125,1.0
0.5,-0.22412109375,0.752685546875,1.0
0.13671875,0.138671875,1.2548828125,1.0
0.01806640625,-0.0087890625,1.0576171875,0.0
0.492919921875,0.44580078125,1.1416015625,1.0
0.093017578125,-0.00244140625,1.03076171875,0.0
0.085693359375,-0.017578125,1.083740234375,0.0
-0.556884765625,0.41455078125,0.409912109375,1.0
0.16796875,0.138916015625,1.139892578125,0.0
0.00341796875,-0.315185546875,0.647705078125,1.0
-0.023193359375,-0.073974609375,0.636474609375,0.0
0.263671875,0.60205078125,1.056396484375,1.0
0.51318359375,-0.158203125,-1.05712890625,1.0
-0.126953125,0.1796875,0.884765625,0.0
0.025390625,0.005615234375,1.078125,0.0
0.64501953125,-0.36865234375,0.511962890625,1.0
-0.26953125,-0.06494140625,0.926513671875,1.0
0.1318359375,-0.02490234375,0.833251953125,0.0
0.2236328125,0.69970703125,1.236083984375,1.0
0.899658203125,-0.31640625,0.846923828125,1.0
0.01220703125,0.031494140625,1.05615234375,0.0
0.853271484375,-0.017822265625,0.448974609375,1.0
-0.16845703125,-0.14697265625,0.724609375,0.0
0.10009765625,0.359619140625,1.306640625,1.0
1.0205078125,-0.42333984375,0.135986328125,1.0
0.240234375,-0.033203125,0.745849609375,0.0
0.41015625,-0.398193359375,0.7802734375,1.0
0.1806640625,-0.0048828125,0.931396484375,0.0
1.052978515625,-0.251220703125,0.348876953125,1.0
0.4765625,-0.0908203125,0.533203125,1.0
0.67626953125,-0.4248046875,0.22021484375,1.0
0.1845703125,-0.385498046875,1.15283203125,1.0
-0.15283203125,-0.18408203125,0.968505859375,0.0
0.060302734375,-0.014404296875,1.014892578125,0.0
0.243408203125,-0.027587890625,-1.222412109375,1.0
1.066650390625,-0.30615234375,0.197265625,1.0
0.041015625,-0.006103515625,1.030517578125,0.0
-0.171875,0.01123046875,1.045166015625,0.0
-0.51611328125,-0.1806640625,1.185302734375,1.0
1.16650390625,0.04296875,-0.102783203125,1.0
0.2353515625,-0.277587890625,1.193115234375,1.0
-0.565673828125,0.374267578125,1.40869140625,1.0
0.65234375,0.0458984375,0.7998046875,1.0
0.132568359375,-0.00146484375,1.05419921875,0.0
0.21484375,-0.278076171875,1.202880859375,1.0
0.095703125,-0.681884765625,0.40283203125,1.0
0.08349609375,-0.881591796875,0.408203125,1.0
0.127685546875,-0.004150390625,1.024658203125,0.0
0.793701171875,-0.1787109375,-0.959228515625,1.0
0.064453125,0.009765625,1.02197265625,0.0
0.05810546875,-0.000244140625,1.0166015625,0.0
-0.021728515625,0.003173828125,1.01513671875,0.0
0.142333984375,0.483642578125,1.22265625,1.0
0.188720703125,0.629150390625,1.08203125,1.0
0.22509765625,0.476806640625,0.75732421875,0.0
0.8203125,-0.381591796875,-0.768310546875,1.0
0.70166015625,0.3251953125,-0.202880859375,1.0
0.201171875,0.32763671875,0.8896484375,1.0
-0.845458984375,-0.029296875,0.68505859375,1.0
0.074462890625,0.068115234375,0.924072265625,0.0
0.51416015625,-0.750732421875,0.87939453125,1.0
0.118408203125,0.01220703125,1.061279296875,0.0
-0.255615234375,-0.02392578125,0.77197265625,0.0
0.116455078125,0.18115234375,0.904052734375,1.0
0.254150390625,-0.057373046875,1.2373046875,0.0
0.669921875,0.068603515625,0.7529296875,1.0
-0.072509765625,0.514404296875,0.848876953125,1.0
0.40478515625,-0.40283203125,0.30615234375,1.0
0.089599609375,0.001708984375,1.019775390625,0.0
0.661865234375,0.01708984375,0.77294921875,1.0
0.0419921875,-0.008544921875,1.01416015625,0.0
0.1611328125,-0.246826171875,0.832275390625,1.0
0.428955078125,-0.261962890625,1.21533203125,1.0
0.05517578125,0.0009765625,1.017333984375,1.0
-0.564453125,-0.150146484375,1.0654296875,1.0
-0.088134765625,0.005615234375,0.974365234375,0.0
0.171630859375,-0.556640625,-1.02978515625,1.0
0.385498046875,0.03857421875,0.822021484375,1.0
0.145263671875,0.015380859375,0.947998046875,0.0
0.637451171875,0.421142578125,0.42724609375,1.0
0.886962890625,-0.20458984375,-0.20947265625,1.0
0.105712890625,0.41748046875,1.18359375,1.0
0.278564453125,-0.13427734375,0.846923828125,1.0
0.18310546875,-0.047119140625,1.25439453125,1.0
0.68408203125,-0.12109375,-0.90771484375,1.0
0.168701171875,-0.15966796875,0.93408203125,1.0
0.061767578125,0.032470703125,1.20654296875,0.0
0.0625,-0.003662109375,1.01513671875,0.0
0.908935546875,-0.2568359375,0.47705078125,1.0
-0.010498046875,-0.094970703125,0.67578125,1.0
0.60205078125,-0.06298828125,-0.3876953125,1.0
0.57763671875,-0.16943359375,0.521484375,1.0
0.05712890625,-0.467529296875,0.63916015625,1.0
0.488525390625,-0.034912109375,0.7197265625,1.0
-0.67919921875,-0.082763671875,1.0869140625,1.0
0.83056640625,-0.611328125,0.1435546875,1.0
0.04833984375,0.039306640625,1.3095703125,0.0
-0.5634765625,-0.2421875,1.0517578125,1.0
0.547607421875,-0.5361328125,0.37890625,1.0
0.136962890625,0.608642578125,0.81591796875,1.0
0.084228515625,0.087158203125,1.03759765625,0.0
0.843017578125,-0.042724609375,0.111328125,1.0
0.38037109375,-0.2041015625,0.840087890625,1.0
0.1767578125,0.092041015625,1.089599609375,0.0
0.622802734375,-0.741455078125,-0.447021484375,1.0
0.363037109375,0.704833984375,0.400146484375,1.0
-0.92041015625,-0.0185546875,0.66845703125,1.0
-0.01171875,-0.018798828125,1.062255859375,0.0
0.6259765625,-0.245361328125,0.871337890625,1.0
0.094482421875,-0.015380859375,0.714599609375,0.0
-0.0849609375,-0.0263671875,0.97607421875,0.0
-0.003662109375,-0.747802734375,0.560302734375,1.0
-0.21142578125,0.1298828125,0.982421875,1.0
-0.1337890625,1.002685546875,0.43603515625,1.0
0.052734375,-0.003173828125,1.021484375,0.0
0.5927734375,-0.74560546875,0.340087890625,1.0
-0.304443359375,-0.183349609375,0.74072265625,1.0
0.617919921875,-0.3603515625,0.230224609375,1.0
-0.02392578125,-0.1044921875,0.9990234375,0.0
-0.094970703125,0.058349609375,1.13037109375,1.0
0.55908203125,-0.156982421875,-0.884033203125,1.0
0.189453125,0.293212890625,0.81494140625,1.0
0.062255859375,0.005615234375,1.035400390625,0.0
0.17333984375,-0.04296875,0.802978515625,0.0
-0.36083984375,-0.167724609375,0.94970703125,1.0
0.60107421875,-0.01220703125,-0.86328125,1.0
-0.072021484375,-0.239990234375,0.64599609375,1.0
-0.20654296875,-0.1025390625,0.36279296875,0.0
0.260986328125,-0.76318359375,0.650390625,1.0
0.05029296875,-0.00341796875,1.172119140625,0.0
-0.089111328125,0.76904296875,-0.28466796875,1.0
0.024658203125,-0.0166015625,0.963623046875,0.0
0.54638671875,-0.36572265625,0.48095703125,1.0
0.11962890625,1.037109375,0.26904296875,1.0
0.072021484375,-0.09375,1.505126953125,1.0
-0.58447265625,0.51904296875,0.749267578125,1.0
-0.080810546875,-0.107177734375,0.64111328125,0.0
-0.117431640625,-0.071533203125,1.044677734375,0.0
-0.32666015625,0.21630859375,1.0078125,1.0
-0.04443359375,-0.196533203125,0.781494140625,1.0
0.057861328125,-0.00341796875,1.019775390625,0.0
0.906005859375,-0.4248046875,0.5673828125,1.0
0.1123046875,0.009033203125,1.017333984375,0.0
0.0537109375,0.03759765625,1.2080078125,0.0
0.225830078125,0.640380859375,0.897216796875,1.0
0.351806640625,-0.166259765625,0.778564453125,1.0
0.14453125,-0.01953125,0.96875,0.0
0.048828125,0.01708984375,1.022705078125,0.0
0.75830078125,-0.224609375,0.510986328125,1.0
0.1806640625,0.075439453125,0.97509765625,0.0
1.022216796875,-0.1005859375,0.2744140625,1.0
-0.210205078125,0.130615234375,0.994873046875,1.0
0.2998046875,0.0693359375,0.8662109375,0.0
-0.088623046875,0.01416015625,0.98046875,0.0
0.29833984375,1.1767578125,0.804443359375,1.0
0.18359375,1.097900390625,-0.198974609375,1.0
-0.124267578125,-0.170654296875,1.005859375,1.0
0.136962890625,0.797119140625,0.762939453125,1.0
0.1240234375,0.0087890625,0.952392578125,0.0
-0.0703125,-0.14013671875,1.054931640625,0.0
0.6806640625,-0.00146484375,0.72314453125,1.0
-0.013671875,-0.33251953125,1.0478515625,1.0
-0.06689453125,0.0595703125,1.18994140625,0.0
-0.022216796875,-0.0009765625,1.010009765625,0.0
-0.279052734375,0.002685546875,1.430908203125,1.0
0.25537109375,0.0810546875,1.08203125,0.0
0.183837890625,0.715087890625,1.305908203125,1.0
0.172607421875,-0.58837890625,0.857177734375,1.0
0.13671875,-0.16259765625,0.9619140625,0.0
-0.072265625,-0.203857421875,0.44482421875,1.0
0.173095703125,-0.014892578125,0.790283203125,0.0
0.47119140625,0.115234375,-1.1337890625,1.0
0.8291015625,0.031982421875,-0.44091796875,1.0
0.608642578125,-0.304931640625,-0.78076171875,1.0
0.069580078125,0.02294921875,1.06103515625,0.0
0.120849609375,0.0361328125,1.047119140625,0.0
0.05419921875,-0.006591796875,1.011962890625,0.0
0.055419921875,-0.05029296875,0.731689453125,0.0
-0.0791015625,0.0341796875,0.850341796875,0.0
0.56982421875,-0.04833984375,-0.90771484375,1.0
-0.1875,-0.075927734375,1.0576171875,1.0
0.05712890625,-0.004638671875,1.024658203125,0.0
-0.128173828125,0.05419921875,0.927978515625,0.0
0.661376953125,-0.480712890625,0.467529296875,1.0
0.5576171875,-0.5283203125,1.290283203125,1.0
0.3984375,-0.633056640625,0.415283203125,1.0
0.5517578125,0.328125,0.870849609375,0.0
1.350341796875,-0.62451171875,0.31982421875,1.0
0.704345703125,-0.23876953125,-0.27734375,1.0
0.035400390625,-0.11083984375,1.087158203125,0.0
0.083740234375,0.9580078125,0.827392578125,1.0
0.61181640625,0.163330078125,0.7841796875,1.0
-0.008056640625,-0.031494140625,0.88916015625,0.0
-0.060302734375,-0.0400390625,0.956298828125,0.0
0.060791015625,-0.00439453125,1.005615234375,0.0
0.07568359375,0.51953125,1.062255859375,1.0
-0.013671875,-0.169921875,0.9921875,0.0
0.09130859375,-0.005859375,1.02734375,0.0
-0.343017578125,-0.059814453125,1.010498046875,1.0
0.552490234375,-0.31884765625,0.538818359375,1.0
0.197265625,0.00439453125,1.076904296875,1.0
0.065185546875,0.439697265625,0.875244140625,1.0
0.092529296875,-0.00537109375,1.031494140625,0.0
0.564208984375,-0.121337890625,-0.447509765625,1.0
0.08984375,0.009765625,1.25927734375,0.0
-0.076416015625,0.15869140625,0.721923828125,0.0
0.18994140625,0.21435546875,0.961181640625,1.0
0.234619140625,0.07421875,1.311767578125,0.0
0.158447265625,0.013916015625,0.931640625,0.0
0.235595703125,-0.603759765625,0.5341796875,1.0
0.779296875,0.051025390625,0.445068359375,1.0
0.129638671875,1.09521484375,0.59765625,1.0
-0.30419921875,0.9365234375,0.180419921875,1.0
0.77783203125,-0.137451171875,0.082275390625,1.0
0.424072265625,-0.52294921875,0.935546875,1.0
0.50927734375,0.04833984375,0.419677734375,1.0
0.23583984375,-0.477783203125,0.37451171875,1.0
0.7529296875,-0.26025390625,0.427490234375,1.0
0.692626953125,-0.01953125,-0.572265625,1.0
0.053466796875,-0.000244140625,1.019775390625,1.0
0.039306640625,0.0341796875,0.99560546875,0.0
0.599853515625,-0.093017578125,0.519287109375,1.0
0.118408203125,-0.35693359375,0.53125,1.0
0.05615234375,-0.005859375,1.01904296875,0.0
0.2333984375,0.92333984375,-0.158935546875,1.0
0.98486328125,-0.302734375,-0.201416015625,1.0
-0.325439453125,-0.299560546875,0.580322265625,0.0
0.031982421875,-0.1533203125,1.23876953125,0.0
-0.9345703125,-0.12548828125,0.33349609375,1.0
0.040771484375,-0.40380859375,0.8779296875,1.0
-0.04541015625,-0.559326171875,0.744873046875,1.0
-0.049072265625,0.595947265625,0.87158203125,1.0
0.458740234375,-0.1259765625,1.206298828125,0.0
0.186767578125,-0.713134765625,0.461181640625,1.0
0.935546875,-0.154296875,0.404541015625,1.0
0.06103515625,-0.000244140625,1.02001953125,0.0
0.018310546875,0.041015625,-0.317138671875,1.0
0.060302734375,-0.00244140625,1.01611328125,0.0
0.35546875,-0.0361328125,0.462646484375,1.0
-0.04150390625,-0.015380859375,1.0068359375,0.0
0.167724609375,-0.175537109375,0.975830078125,0.0
-0.3056640625,0.59716796875,1.342529296875,1.0
0.05224609375,0.088623046875,1.0107421875,0.0
0.17041015625,0.3857421875,0.802734375,1.0
0.102294921875,-1.212158203125,0.08056640625,1.0
0.0322265625,-0.145751953125,0.993896484375,1.0
0.217041015625,0.018798828125,0.91845703125,1.0
0.0703125,0.105712890625,0.99365234375,1.0
-0.115234375,-0.128662109375,0.675048828125,0.0
0.05224609375,-0.048095703125,1.106201171875,0.0
0.67431640625,0.042724609375,0.760986328125,1.0
0.07421875,0.182373046875,0.675537109375,1.0
0.054443359375,-0.004638671875,1.018310546875,0.0
0.502197265625,0.239990234375,1.99993896484375,0.0
0.1923828125,-0.08154296875,1.453125,1.0
0.2470703125,-0.456298828125,0.949951171875,1.0
0.99951171875,-0.475341796875,0.560302734375,1.0
0.198486328125,-0.033935546875,0.858154296875,1.0
-0.146240234375,-0.26708984375,1.13330078125,1.0
-0.319580078125,-0.197265625,1.1728515625,1.0
0.951171875,0.03369140625,0.413818359375,1.0
0.048095703125,0.81005859375,0.710693359375,1.0
0.441162109375,0.218994140625,0.930419921875,1.0
-0.04638671875,-0.084716796875,1.017578125,0.0
0.196044921875,0.526611328125,0.435302734375,1.0
0.498046875,-0.8720703125,0.4228515625,1.0
-0.131103515625,-0.234619140625,0.89306640625,1.0
0.03173828125,0.018798828125,1.00390625,0.0
0.536865234375,-0.612548828125,1.02978515625,1.0
-0.1123046875,-0.198486328125,0.508056640625,0.0
0.00341796875,-0.126220703125,0.464111328125,0.0
0.31103515625,0.406982421875,0.431640625,1.0
0.024169921875,-0.12451171875,0.720947265625,1.0
-0.115966796875,0.924072265625,-0.418212890625,1.0
0.338134765625,0.040283203125,-0.858154296875,1.0
-0.0244140625,-0.071044921875,1.119384765625,0.0
-0.022216796875,0.00341796875,1.03173828125,0.0
-0.04150390625,-0.044677734375,1.004150390625,0.0
0.239501953125,1.010986328125,0.4208984375,1.0
0.10498046875,-0.079833984375,0.726806640625,1.0
-0.4716796875,-0.290283203125,1.038818359375,1.0
0.05322265625,0.0,1.01806640625,1.0
0.351806640625,0.615234375,1.121337890625,1.0
0.01806640625,0.121337890625,1.20361328125,0.0
-0.56005859375,-0.0029296875,0.828125,1.0
0.067138671875,0.105712890625,1.151123046875,0.0
0.345947265625,-0.089599609375,0.840576171875,1.0
0.633056640625,-0.09716796875,0.392333984375,1.0
-0.007568359375,0.6435546875,0.650146484375,1.0
0.056396484375,0.00146484375,1.02392578125,0.0
0.036865234375,0.794189453125,0.896484375,1.0
0.057373046875,0.0009765625,1.011474609375,0.0
-0.046630859375,-0.0361328125,1.025390625,0.0
0.05712890625,-0.007080078125,1.0146484375,0.0
0.043212890625,0.900390625,0.918212890625,1.0
0.069580078125,-0.3564453125,0.5771484375,1.0
0.644287109375,1.177978515625,0.889892578125,1.0
-0.132568359375,-0.081787109375,0.916259765625,0.0
0.761962890625,-0.022705078125,0.975341796875,1.0
-0.0400390625,0.00048828125,1.027587890625,0.0
-0.06005859375,0.2626953125,0.881103515625,1.0
-0.014892578125,-0.024658203125,1.0625,0.0
0.051513671875,0.123291015625,1.42041015625,0.0
0.058349609375,-0.16748046875,0.505126953125,1.0
0.4404296875,0.25634765625,0.705078125,1.0
0.053466796875,-0.002197265625,1.014892578125,0.0
-0.001708984375,0.015380859375,1.04248046875,0.0
0.7880859375,-0.52783203125,-0.243896484375,1.0
0.224365234375,0.875732421875,-0.36474609375,1.0
-0.111083984375,-0.005126953125,1.020751953125,0.0
0.084716796875,0.01953125,0.98486328125,0.0
1.098876953125,-0.49853515625,-0.036865234375,1.0
0.198486328125,-0.4755859375,0.4765625,1.0
0.28759765625,0.79541015625,0.30810546875,1.0
-0.014892578125,-0.062744140625,0.841552734375,0.0
0.166748046875,-0.082275390625,1.04248046875,0.0
-0.5908203125,-0.12890625,0.863037109375,1.0
0.215087890625,-0.18212890625,-0.71533203125,1.0
0.05517578125,-0.002197265625,1.0126953125,1.0
0.1181640625,-0.0302734375,0.947998046875,0.0
0.23388671875,-0.404052734375,1.05322265625,1.0
0.057861328125,-0.001220703125,1.011474609375,0.0
0.87158203125,-0.09033203125,-0.630859375,1.0
0.04248046875,-0.526611328125,0.539794921875,1.0
0.83935546875,-0.37939453125,0.532958984375,1.0
0.8515625,-0.310302734375,-0.3115234375,1.0
0.617431640625,-0.48388671875,-0.09716796875,1.0
0.07568359375,-0.00341796875,1.091552734375,0.0
-0.289306640625,0.833740234375,0.614990234375,1.0
0.211669921875,-0.017822265625,0.876953125,0.0
0.127685546875,0.800048828125,0.383056640625,1.0
-0.401611328125,0.114501953125,1.132080078125,1.0
0.0849609375,0.06982421875,1.234130859375,0.0
0.145751953125,-0.08203125,0.870361328125,1.0
0.06298828125,0.888916015625,-0.4990234375,1.0
-0.007568359375,-0.015625,0.9248046875,0.0
0.760009765625,-0.423828125,0.49267578125,1.0
